# OBS golden vectors -- regenerate with obs_golden.py
NPROBE 8
NPROJ 32
NSEM 4
NOBS 36

[splitmix64]
0000000000000000 e220a8397b1dcdaf
0000000000000001 910a2dec89025cc1
0000000000000002 975835de1c9756ce
ffffffffffffffff e4d971771b652c20
9e3779b97f4a7c15 6e789e6aa1b965f4
deadbeefcafebabe 0d7d93560d1929d2

[fnv1a64]
'@x' 090c5007b5a4b485
'@y' 090c4f07b5a4b2d2
'%t0' 9a589317b7d66ac4
'@arr' 83be4396fe360ebe
'@n' 090c5a07b5a4c583
'' cbf29ce484222325
'a_very_long_name_1234' d70e8a1ef24b5f03

[leaf_values]
@x 0000000000000000 0000000000000001 0000000000000002 0000000000000002 0000000000000001 883dc5cd60b85cc3 3bacb27c722af6ec e55e02945f3ef748
@y 0000000000000000 0000000000000001 0000000000000003 0000000000000003 0000000000000002 eb3cc0f2b9108af2 bd838772024ddcf2 09f105f740e3a729
@n 0000000000000000 0000000000000001 0000000000000003 0000000000000002 0000000000000002 392b59b94c8e9656 98468ebfb6d9dfee 088b9c3b03030071

[opaque_values]
%q 0 0000000000000000 0000000000000001 0000000000000001 0000000000000002 0000000000000003 a9c14a75844ddddb 0378a07d681dd5ca bfa4d963da02620e
%q 3 0000000000000000 0000000000000001 0000000000000002 0000000000000003 0000000000000002 c097b0e7d2edd1bb 7527b2985f2c6196 1422b248b8e42b54
%s 2 0000000000000000 0000000000000001 0000000000000001 0000000000000000 0000000000000000 2a86d673abac1412 67bb79c0cb7d9c4d baded48da122647c

[projection]
0 beeb8da1658eec67 bfc846100bfc1e42 b3466f8a7b81a989 e474c66a4b98b030 c097314d939736f8 72419db23951df99 044c3cd7f43c661c 9ca8a164477d7801
1 c02d8a5e87afea62 bbff7c596e26ce46 432a5cd27a6b13a1 f080aa269da8a457 5424e3deaf36a071 124119f8f5acc27a c7b81777bba81f50 145a11cac985644b
2 6434ff62b4e8edd1 b6d46a242257c018 1ddb4fcdd7c6d93a 04f73460a7fd6485 ea4fff2925fed5bf ef9983fb367d464e 993810e13b72e5f7 a56a748bb815cbab
3 21541a4c43555ce8 74196ed460e5206b abf8064ca5c7fe0a b579d288df624bb6 ba57b7db607f9d1a b8677ef8de17555c bcd4dd2543bf3fd8 98129755f89e39e4
4 134268759688c202 ce4c7f759a91ae81 9a8c505971939232 56bdc90c44f66b09 b667b9039ae8a58a 01ded1ddfeec586e e60bb9617aa6ed70 f8ef8aea0035a71b
5 992ffac69a7acd4c 28efe333b266f103 9cde98852e60034b 90f83af9167b6122 fb624bd98f2be6c4 2d68938cb83c2015 4a0fc32026e8cb6b a9d2046c27881241
6 5a07ae9ef28d51cb 93eb5f0779e66277 5080e4863a45d029 37d84341320ed7ec 00cc8037f0f65b12 4e7520c435bcdebe 07ed9fb4d4dcc031 b3d87520d2949899
7 70cfa3bb5ab58416 6d716e8fbd19e98f 89da4eb3e88436d0 22dd9b63a548252f 0afa20b6f26a059f bcb971f459c962ec 4c7924e17855434f 27b0f6e26c58cf1d
8 a3efbcce2e044f84 a211b519d9a09a1c c4d30fba34838f11 db73d1b77f5c4672 41f49997d8eacb3d 32dcac7c9e946f08 7208f77cd2fb905a cc90d92185f3c308
9 8293ca9a1d895ac9 03581193c6409874 3c2cc27c94cade7e f8c72270ea450d14 7e54a4883a969e54 9cc1545e822bea27 bd3f66a48bd953e4 db88a580d4ba0f75
10 19c14d234735eace c7906061e0e54e4a e2c6873a45e822df e44b64406e42c19e dcc88b8fa154493d d49af580ab63e7ba df0526e805332605 23f9d5b54838a32d
11 b6ac9c29bc9e2b39 f95da216f8efc151 509aa85ead7bf074 ec9c2fa2b6081484 a1f9560f0c039b2d 2e749ea4b7c3d08e 6d16bf441c521f6a c305b55273f09a3d
12 cfcbbc26a92eae52 dcf3aa47b91f209a 081ab918879d69a4 03bc38d6c6b89fe4 0466a7d0954b76a3 989b810659c5a8bc a909a1d80c374b1b 1408a9db15ba6483
13 488dacb220274c43 b6d38968c8a14052 7593ede49c8a6d72 c37ba70150f0a022 de79ecdd204a14ae 25238402863aae04 830e76017ba2d95d c9c69f070558bd25
14 db57cca21df16c58 65a2cbbcce445870 457933cdd7e15b0d d5c488aada832cd0 77880f83cde6257e 3bd3f66085c67635 1420e7b229e50edf 0a960fbadc05f956
15 a4030097862f02a9 6d7199ef1ab00c51 fa023ce9f06fb77c d809d16b79bc99a4 317cc0fa569e4021 967983d03f3dc431 88a32f63162d1170 a686b2c9730aec76
16 a3c4449e2626b033 f93ff2a60327dfaa e9eb8d3f012cc6c4 f3ba016352bccaa9 171181951f4abc6c 5d7094e2341e754b 4d97b5f99e684b37 b8cb184df81e40c9
17 f299b795e27c008a 29450eddd2ea158b abd7e5df74a2a202 816665c37e16a3d3 6cff846807683081 5455456a8a21f029 373432163641ec62 ef71ba2e1235cc1b
18 499bb73b40c36c8c 8cab760edc2b7ac8 e95a36e89d667109 db1e4b478bf81326 c0337b68e1243e9b 0aa744f2b3ad8248 a268017980a84c08 edbc4b5e9782609a
19 391f050ccc264772 b59a83d208bd1afa 54d3bd5f26cee454 a0ee2e86cb8a1f85 3bfed024cf748335 95ff07f49f6f3eff dc8abd5152fbbf23 bb4c4e486eeb2bf1
20 087026bd2686ab1e 5566a0a5e91e3869 d5caa1c57bf51495 a19f911151f07a21 871d6a48a34478a6 e4a6e23a12139ef8 c8922e2f48c2885d d85f37e690bce45c
21 790ee0943f6f3120 9e08e7f4da1c01a2 e885e4a267f0e4fa ff4a37980f4319f3 dcde4b235090427f bd9d5e511852716e 9b28bd61c5349164 1b9dcdb1c6f604e2
22 e93ae20d52a2f2cb d47482fe994a2a6b 40da23100476d73f 041ef7ab9f91b070 5355de8f99d83e75 7cb75a905c46ed88 a4ae195c854ed9f1 3336dfc8af63f0d1
23 0010a5449ccdc88e e0dbde2b1800c57e 820552a1a4603c8e 8ebf735ade9943f9 bee11c12cc86c3ca 3475a408240e9750 5b9b8432d9ad4f03 1b3b80190208392d
24 5e5bb959a8045c32 e3ac0c98c5b771a0 197bb0ed3964ecda 5803ac583c39ed54 1409ec9b42a2b6b8 4972c41a99edbf9f e697a98b03af1789 a765439124f7d3d9
25 768b046875d62394 aa7a922d95a98ee4 939ef00c969490cd ffa7d11214b22c33 835ed91ddc67810a 886a3b4b6849991e cb9a21d6bacc4c6f dc596d3cc3ecd626
26 b1efa5ba6d6ed638 6f2304707e837645 2d944272a6ee43c6 1a830871d0416248 b6d942ef13c4f088 06d66367a3c6a8e5 48802a2f667f2a6e 8a9d88954cb83c05
27 4f1489cca6eaa256 2d9db4b33372f6a2 2130e5941dd0250a a6394b113acda75b bac20574f5c965f4 ec35498a51dfa31e 836436949360267e 4073307695441ddc
28 8a77174a7819fd81 717e9e6a48feaf05 d379c46737abd722 45d4b2185c67dbbf b630d58056dd3ed2 792948309f4e308c 259d30973417e74d 63a349a4ec5b0753
29 866cbfd0ba15078f 0613223271d3e682 553468281b9d50e5 3ee5f6f23134230d ba4dff955fb94b5a 25bf30b49164dbf2 57287ad59ebbe806 da7f67ad9843e1d6
30 03d593960d5c5b09 56731c2e221e6b10 ceea5f72602686f6 5af55f344827ac1d e462007e19caf5c1 fe9b3048728f3a15 2656f07058a25d8d bda5d91ea5d6f437
31 a6d4d870c5b1d149 66f26be16540d46b 40021388ada47417 c2b1094786a53923 9de5ced654149156 c8c65c18e915af97 ef84b9a82c2c8d15 f648421a27ca8ae0

[body 0] 3
| %a = @x + @y
| %b = @y + @x
| return %a
leaves @x @y
fp 0 0000000000000000 0000000000000002 0000000000000005 0000000000000005 0000000000000003 737a86c019c8e7b5 f93039ee7478d3de ef4f088ba0229e71
fp 1 0000000000000000 0000000000000002 0000000000000005 0000000000000005 0000000000000003 737a86c019c8e7b5 f93039ee7478d3de ef4f088ba0229e71
fp 2 none
ft 0 -0.088159 -0.174958 -0.339523 -0.920301 +0.661511 -0.174958 +0.415253 +0.174958 -0.259120 +0.817439 +0.844723 +0.608859 +0.608859 +0.817439 +0.339523 +0.959893 +0.661511 +0.550235 -0.661511 +0.661511 +0.661511 +0.550235 +0.259120 +0.817439 +0.868225 +0.415253 +0.749701 -0.339523 -0.550235 +0.339523 +0.485633 +0.988196 +0.000000 +0.000000 +0.000000 +0.000000
ft 1 -0.088159 -0.174958 -0.339523 -0.920301 +0.661511 -0.174958 +0.415253 +0.174958 -0.259120 +0.817439 +0.844723 +0.608859 +0.608859 +0.817439 +0.339523 +0.959893 +0.661511 +0.550235 -0.661511 +0.661511 +0.661511 +0.550235 +0.259120 +0.817439 +0.868225 +0.415253 +0.749701 -0.339523 -0.550235 +0.339523 +0.485633 +0.988196 +0.000000 +0.000000 +0.000000 +1.000000
ft 2 +0.000000 +0.000000 +0.000000 +0.000000 +0.000000 +0.000000 +0.000000 +0.000000 +0.000000 +0.000000 +0.000000 +0.000000 +0.000000 +0.000000 +0.000000 +0.000000 +0.000000 +0.000000 +0.000000 +0.000000 +0.000000 +0.000000 +0.000000 +0.000000 +0.000000 +0.000000 +0.000000 +0.000000 +0.000000 +0.000000 +0.000000 +0.000000 +0.000000 +0.000000 +0.000000 +0.000000
sedge 0->1

[body 1] 5
| %c = @x - 0
| %d = @x
| %e = @x * 0
| %f = @x ^ @x
| return %f
leaves @x
fp 0 0000000000000000 0000000000000001 0000000000000002 0000000000000002 0000000000000001 883dc5cd60b85cc3 3bacb27c722af6ec e55e02945f3ef748
fp 1 0000000000000000 0000000000000001 0000000000000002 0000000000000002 0000000000000001 883dc5cd60b85cc3 3bacb27c722af6ec e55e02945f3ef748
fp 2 0000000000000000 0000000000000000 0000000000000000 0000000000000000 0000000000000000 0000000000000000 0000000000000000 0000000000000000
fp 3 0000000000000000 0000000000000000 0000000000000000 0000000000000000 0000000000000000 0000000000000000 0000000000000000 0000000000000000
fp 4 none
ft 0 -0.415253 +0.000000 -0.608859 -0.339523 +0.966282 +0.339523 +0.550235 -0.608859 -0.088159 +0.817439 +0.785916 -0.485633 -0.608859 +0.905617 -0.920301 +0.708360 -0.088159 +0.905617 +0.415253 -0.415253 +0.415253 +0.088159 -0.550235 +0.550235 +0.415253 +0.550235 +0.817439 +0.708360 -0.868225 -0.608859 +0.339523 +0.932781 +0.000000 +1.000000 +0.000000 +0.000000
ft 1 -0.415253 +0.000000 -0.608859 -0.339523 +0.966282 +0.339523 +0.550235 -0.608859 -0.088159 +0.817439 +0.785916 -0.485633 -0.608859 +0.905617 -0.920301 +0.708360 -0.088159 +0.905617 +0.415253 -0.415253 +0.415253 +0.088159 -0.550235 +0.550235 +0.415253 +0.550235 +0.817439 +0.708360 -0.868225 -0.608859 +0.339523 +0.932781 +0.000000 +1.000000 +0.000000 +1.000000
ft 2 +0.550235 +0.339523 -0.959893 -0.844723 +0.415253 +0.844723 +0.550235 -0.485633 -0.088159 +0.868225 +0.844723 +0.000000 +0.844723 +0.983231 -0.174958 +0.844723 +0.088159 +0.817439 +0.868225 -0.952322 +0.868225 +0.259120 -0.415253 +0.991697 +0.088159 +0.415253 +0.905617 +0.785916 -0.415253 -0.608859 +0.339523 +0.966282 +1.000000 +0.000000 +1.000000 +0.000000
ft 3 +0.550235 +0.339523 -0.959893 -0.844723 +0.415253 +0.844723 +0.550235 -0.485633 -0.088159 +0.868225 +0.844723 +0.000000 +0.844723 +0.983231 -0.174958 +0.844723 +0.088159 +0.817439 +0.868225 -0.952322 +0.868225 +0.259120 -0.415253 +0.991697 +0.088159 +0.415253 +0.905617 +0.785916 -0.415253 -0.608859 +0.339523 +0.966282 +1.000000 +0.000000 +1.000000 +1.000000
ft 4 +0.000000 +0.000000 +0.000000 +0.000000 +0.000000 +0.000000 +0.000000 +0.000000 +0.000000 +0.000000 +0.000000 +0.000000 +0.000000 +0.000000 +0.000000 +0.000000 +0.000000 +0.000000 +0.000000 +0.000000 +0.000000 +0.000000 +0.000000 +0.000000 +0.000000 +0.000000 +0.000000 +0.000000 +0.000000 +0.000000 +0.000000 +0.000000 +0.000000 +0.000000 +0.000000 +0.000000
sedge 0->1

[body 2] 4
| %g = @x | @x
| %h = @x & @x
| %i = @x ^ -1
| return %i
leaves @x
fp 0 0000000000000000 0000000000000001 0000000000000002 0000000000000002 0000000000000001 883dc5cd60b85cc3 3bacb27c722af6ec e55e02945f3ef748
fp 1 0000000000000000 0000000000000001 0000000000000002 0000000000000002 0000000000000001 883dc5cd60b85cc3 3bacb27c722af6ec e55e02945f3ef748
fp 2 ffffffffffffffff fffffffffffffffe fffffffffffffffd fffffffffffffffd fffffffffffffffe 77c23a329f47a33c c4534d838dd50913 1aa1fd6ba0c108b7
fp 3 none
ft 0 -0.415253 +0.000000 -0.608859 -0.339523 +0.966282 +0.339523 +0.550235 -0.608859 -0.088159 +0.817439 +0.785916 -0.485633 -0.608859 +0.905617 -0.920301 +0.708360 -0.088159 +0.905617 +0.415253 -0.415253 +0.415253 +0.088159 -0.550235 +0.550235 +0.415253 +0.550235 +0.817439 +0.708360 -0.868225 -0.608859 +0.339523 +0.932781 +0.000000 +1.000000 +0.000000 +0.000000
ft 1 -0.415253 +0.000000 -0.608859 -0.339523 +0.966282 +0.339523 +0.550235 -0.608859 -0.088159 +0.817439 +0.785916 -0.485633 -0.608859 +0.905617 -0.920301 +0.708360 -0.088159 +0.905617 +0.415253 -0.415253 +0.415253 +0.088159 -0.550235 +0.550235 +0.415253 +0.550235 +0.817439 +0.708360 -0.868225 -0.608859 +0.339523 +0.932781 +0.000000 +1.000000 +0.000000 +1.000000
ft 2 +0.415253 +0.000000 +0.608859 +0.339523 -0.966282 -0.339523 -0.550235 +0.608859 +0.088159 -0.817439 -0.785916 +0.485633 +0.608859 -0.905617 +0.920301 -0.708360 +0.088159 -0.905617 -0.415253 +0.415253 -0.415253 -0.088159 +0.550235 -0.550235 -0.415253 -0.550235 -0.817439 -0.708360 +0.868225 +0.608859 -0.339523 -0.932781 +0.000000 +0.000000 +0.000000 +0.000000
ft 3 +0.000000 +0.000000 +0.000000 +0.000000 +0.000000 +0.000000 +0.000000 +0.000000 +0.000000 +0.000000 +0.000000 +0.000000 +0.000000 +0.000000 +0.000000 +0.000000 +0.000000 +0.000000 +0.000000 +0.000000 +0.000000 +0.000000 +0.000000 +0.000000 +0.000000 +0.000000 +0.000000 +0.000000 +0.000000 +0.000000 +0.000000 +0.000000 +0.000000 +0.000000 +0.000000 +0.000000
sedge 0->1

[body 3] 5
| %j = 7 / 0
| %k = 7 % 0
| %l = @x << 65
| %m = @x >> 64
| return %m
leaves @x
fp 0 0000000000000000 0000000000000000 0000000000000000 0000000000000000 0000000000000000 0000000000000000 0000000000000000 0000000000000000
fp 1 0000000000000000 0000000000000000 0000000000000000 0000000000000000 0000000000000000 0000000000000000 0000000000000000 0000000000000000
fp 2 0000000000000000 0000000000000002 0000000000000004 0000000000000004 0000000000000002 107b8b9ac170b986 775964f8e455edd8 cabc0528be7dee90
fp 3 0000000000000000 0000000000000001 0000000000000002 0000000000000002 0000000000000001 883dc5cd60b85cc3 3bacb27c722af6ec e55e02945f3ef748
fp 4 none
ft 0 +0.550235 +0.339523 -0.959893 -0.844723 +0.415253 +0.844723 +0.550235 -0.485633 -0.088159 +0.868225 +0.844723 +0.000000 +0.844723 +0.983231 -0.174958 +0.844723 +0.088159 +0.817439 +0.868225 -0.952322 +0.868225 +0.259120 -0.415253 +0.991697 +0.088159 +0.415253 +0.905617 +0.785916 -0.415253 -0.608859 +0.339523 +0.966282 +1.000000 +0.000000 +1.000000 +0.000000
ft 1 +0.550235 +0.339523 -0.959893 -0.844723 +0.415253 +0.844723 +0.550235 -0.485633 -0.088159 +0.868225 +0.844723 +0.000000 +0.844723 +0.983231 -0.174958 +0.844723 +0.088159 +0.817439 +0.868225 -0.952322 +0.868225 +0.259120 -0.415253 +0.991697 +0.088159 +0.415253 +0.905617 +0.785916 -0.415253 -0.608859 +0.339523 +0.966282 +1.000000 +0.000000 +1.000000 +1.000000
ft 2 +0.868225 -0.708360 -0.943364 -0.608859 +0.868225 -0.485633 +0.749701 +0.339523 -0.259120 +0.932781 +0.844723 -0.339523 +0.785916 +0.817439 +0.174958 -0.174958 -0.550235 +0.749701 -0.088159 -0.088159 +0.550235 +0.088159 +0.259120 +0.749701 +0.415253 +0.868225 +0.415253 +0.000000 -0.088159 +0.844723 -0.174958 +0.952322 +0.000000 +0.000000 +0.000000 +0.000000
ft 3 -0.415253 +0.000000 -0.608859 -0.339523 +0.966282 +0.339523 +0.550235 -0.608859 -0.088159 +0.817439 +0.785916 -0.485633 -0.608859 +0.905617 -0.920301 +0.708360 -0.088159 +0.905617 +0.415253 -0.415253 +0.415253 +0.088159 -0.550235 +0.550235 +0.415253 +0.550235 +0.817439 +0.708360 -0.868225 -0.608859 +0.339523 +0.932781 +0.000000 +1.000000 +0.000000 +0.000000
ft 4 +0.000000 +0.000000 +0.000000 +0.000000 +0.000000 +0.000000 +0.000000 +0.000000 +0.000000 +0.000000 +0.000000 +0.000000 +0.000000 +0.000000 +0.000000 +0.000000 +0.000000 +0.000000 +0.000000 +0.000000 +0.000000 +0.000000 +0.000000 +0.000000 +0.000000 +0.000000 +0.000000 +0.000000 +0.000000 +0.000000 +0.000000 +0.000000 +0.000000 +0.000000 +0.000000 +0.000000
sedge 

[body 4] 4
| %n = @x < @y
| %o = @x <= -1
| %p = -1 < @x
| return %p
leaves @x @y
fp 0 0000000000000000 0000000000000000 0000000000000001 0000000000000001 0000000000000001 0000000000000001 0000000000000000 0000000000000001
fp 1 0000000000000000 0000000000000000 0000000000000000 0000000000000000 0000000000000000 0000000000000001 0000000000000000 0000000000000001
fp 2 0000000000000001 0000000000000001 0000000000000001 0000000000000001 0000000000000001 0000000000000000 0000000000000001 0000000000000000
fp 3 none
ft 0 +0.608859 +0.550235 -0.952322 -0.932781 +0.339523 +0.868225 +0.485633 -0.415253 -0.174958 +0.844723 +0.868225 -0.088159 +0.817439 +0.971668 -0.259120 +0.817439 +0.174958 +0.888386 +0.844723 -0.920301 +0.844723 +0.174958 -0.339523 +0.990099 +0.000000 +0.339523 +0.888386 +0.661511 -0.485633 -0.661511 +0.550235 +0.971668 +0.000000 +0.000000 +0.000000 +0.000000
ft 1 +0.661511 +0.339523 -0.959893 -0.888386 +0.415253 +0.888386 +0.550235 -0.485633 -0.259120 +0.905617 +0.844723 +0.000000 +0.844723 +0.983231 -0.174958 +0.844723 +0.259120 +0.868225 +0.817439 -0.932781 +0.817439 +0.088159 -0.415253 +0.991697 +0.259120 +0.259120 +0.932781 +0.708360 -0.415253 -0.708360 +0.485633 +0.966282 +0.000000 +0.000000 +0.000000 +0.000000
ft 2 +0.415253 +0.339523 -0.943364 -0.920301 +0.259120 +0.844723 +0.661511 -0.339523 -0.259120 +0.749701 +0.844723 +0.000000 +0.785916 +0.976204 -0.339523 +0.844723 +0.088159 +0.817439 +0.817439 -0.952322 +0.905617 +0.088159 -0.088159 +0.988196 -0.259120 +0.415253 +0.817439 +0.608859 -0.259120 -0.608859 +0.485633 +0.983231 +0.000000 +0.000000 +0.000000 +0.000000
ft 3 +0.000000 +0.000000 +0.000000 +0.000000 +0.000000 +0.000000 +0.000000 +0.000000 +0.000000 +0.000000 +0.000000 +0.000000 +0.000000 +0.000000 +0.000000 +0.000000 +0.000000 +0.000000 +0.000000 +0.000000 +0.000000 +0.000000 +0.000000 +0.000000 +0.000000 +0.000000 +0.000000 +0.000000 +0.000000 +0.000000 +0.000000 +0.000000 +0.000000 +0.000000 +0.000000 +0.000000
sedge 

[body 5] 10
| local @i : int64
| @i <- 0
| label L
| %t = @i + 1
| @i <- %t
| %u = @i < @n
| branch_zero %u -> E
| jump L
| label E
| return @i
leaves @i @n
fp 0 none
fp 1 none
fp 2 none
fp 3 0000000000000001 0000000000000002 0000000000000004 0000000000000001 0000000000000002 c50f1c4aac43afb3 270acd769cdbbe6e c48c4b6700756fc5
fp 4 none
fp 5 0000000000000000 0000000000000000 0000000000000000 0000000000000001 0000000000000001 0000000000000001 0000000000000000 0000000000000001
fp 6 none
fp 7 none
fp 8 none
fp 9 none
ft 0 +0.000000 +0.000000 +0.000000 +0.000000 +0.000000 +0.000000 +0.000000 +0.000000 +0.000000 +0.000000 +0.000000 +0.000000 +0.000000 +0.000000 +0.000000 +0.000000 +0.000000 +0.000000 +0.000000 +0.000000 +0.000000 +0.000000 +0.000000 +0.000000 +0.000000 +0.000000 +0.000000 +0.000000 +0.000000 +0.000000 +0.000000 +0.000000 +0.000000 +0.000000 +0.000000 +0.000000
ft 1 +0.000000 +0.000000 +0.000000 +0.000000 +0.000000 +0.000000 +0.000000 +0.000000 +0.000000 +0.000000 +0.000000 +0.000000 +0.000000 +0.000000 +0.000000 +0.000000 +0.000000 +0.000000 +0.000000 +0.000000 +0.000000 +0.000000 +0.000000 +0.000000 +0.000000 +0.000000 +0.000000 +0.000000 +0.000000 +0.000000 +0.000000 +0.000000 +0.000000 +0.000000 +0.000000 +0.000000
ft 2 +0.000000 +0.000000 +0.000000 +0.000000 +0.000000 +0.000000 +0.000000 +0.000000 +0.000000 +0.000000 +0.000000 +0.000000 +0.000000 +0.000000 +0.000000 +0.000000 +0.000000 +0.000000 +0.000000 +0.000000 +0.000000 +0.000000 +0.000000 +0.000000 +0.000000 +0.000000 +0.000000 +0.000000 +0.000000 +0.000000 +0.000000 +0.000000 +0.000000 +0.000000 +0.000000 +0.000000
ft 3 +0.817439 -0.339523 -0.980021 -0.708360 +0.817439 -0.844723 +0.088159 -0.888386 +0.259120 +0.952322 +0.844723 +0.174958 +0.339523 +0.976204 -0.174958 -0.339523 +0.088159 +0.749701 -0.550235 +0.749701 +0.868225 +0.259120 -0.259120 +0.817439 +0.415253 +0.905617 +0.661511 +0.339523 -0.749701 +0.844723 +0.708360 +0.983231 +0.000000 +0.000000 +0.000000 +0.000000
ft 4 +0.000000 +0.000000 +0.000000 +0.000000 +0.000000 +0.000000 +0.000000 +0.000000 +0.000000 +0.000000 +0.000000 +0.000000 +0.000000 +0.000000 +0.000000 +0.000000 +0.000000 +0.000000 +0.000000 +0.000000 +0.000000 +0.000000 +0.000000 +0.000000 +0.000000 +0.000000 +0.000000 +0.000000 +0.000000 +0.000000 +0.000000 +0.000000 +0.000000 +0.000000 +0.000000 +0.000000
ft 5 +0.550235 +0.485633 -0.943364 -0.920301 +0.415253 +0.844723 +0.415253 -0.339523 -0.259120 +0.868225 +0.844723 +0.000000 +0.844723 +0.976204 -0.339523 +0.844723 +0.259120 +0.905617 +0.817439 -0.905617 +0.817439 +0.259120 -0.415253 +0.991697 +0.088159 +0.259120 +0.905617 +0.708360 -0.415253 -0.708360 +0.608859 +0.966282 +0.000000 +0.000000 +0.000000 +0.000000
ft 6 +0.000000 +0.000000 +0.000000 +0.000000 +0.000000 +0.000000 +0.000000 +0.000000 +0.000000 +0.000000 +0.000000 +0.000000 +0.000000 +0.000000 +0.000000 +0.000000 +0.000000 +0.000000 +0.000000 +0.000000 +0.000000 +0.000000 +0.000000 +0.000000 +0.000000 +0.000000 +0.000000 +0.000000 +0.000000 +0.000000 +0.000000 +0.000000 +0.000000 +0.000000 +0.000000 +0.000000
ft 7 +0.000000 +0.000000 +0.000000 +0.000000 +0.000000 +0.000000 +0.000000 +0.000000 +0.000000 +0.000000 +0.000000 +0.000000 +0.000000 +0.000000 +0.000000 +0.000000 +0.000000 +0.000000 +0.000000 +0.000000 +0.000000 +0.000000 +0.000000 +0.000000 +0.000000 +0.000000 +0.000000 +0.000000 +0.000000 +0.000000 +0.000000 +0.000000 +0.000000 +0.000000 +0.000000 +0.000000
ft 8 +0.000000 +0.000000 +0.000000 +0.000000 +0.000000 +0.000000 +0.000000 +0.000000 +0.000000 +0.000000 +0.000000 +0.000000 +0.000000 +0.000000 +0.000000 +0.000000 +0.000000 +0.000000 +0.000000 +0.000000 +0.000000 +0.000000 +0.000000 +0.000000 +0.000000 +0.000000 +0.000000 +0.000000 +0.000000 +0.000000 +0.000000 +0.000000 +0.000000 +0.000000 +0.000000 +0.000000
ft 9 +0.000000 +0.000000 +0.000000 +0.000000 +0.000000 +0.000000 +0.000000 +0.000000 +0.000000 +0.000000 +0.000000 +0.000000 +0.000000 +0.000000 +0.000000 +0.000000 +0.000000 +0.000000 +0.000000 +0.000000 +0.000000 +0.000000 +0.000000 +0.000000 +0.000000 +0.000000 +0.000000 +0.000000 +0.000000 +0.000000 +0.000000 +0.000000 +0.000000 +0.000000 +0.000000 +0.000000
sedge 

[body 6] 5
| %q = lower_bound_i32(arr = @arr, n = @n, key = @k)
| %r = @arr + %q
| %s <- * %r [ 4 ]
| *%r [ 4 ] = %s
| return %s
leaves %q %s @arr
fp 0 none
fp 1 0000000000000000 0000000000000002 0000000000000003 0000000000000005 0000000000000004 049c7d4cbdbc608d 90df287d5f2dfa27 1a90ed27b0ac39f8
fp 2 none
fp 3 none
fp 4 none
ft 0 +0.000000 +0.000000 +0.000000 +0.000000 +0.000000 +0.000000 +0.000000 +0.000000 +0.000000 +0.000000 +0.000000 +0.000000 +0.000000 +0.000000 +0.000000 +0.000000 +0.000000 +0.000000 +0.000000 +0.000000 +0.000000 +0.000000 +0.000000 +0.000000 +0.000000 +0.000000 +0.000000 +0.000000 +0.000000 +0.000000 +0.000000 +0.000000 +0.000000 +0.000000 +0.000000 +0.000000
ft 1 -0.174958 -0.415253 -0.932781 +0.415253 +0.844723 +0.415253 +0.920301 +0.259120 +0.000000 +0.959893 +0.932781 -0.550235 +0.088159 +0.785916 -0.550235 +0.415253 +0.608859 +0.485633 -0.339523 +0.608859 +0.485633 +0.785916 +0.000000 +0.943364 +0.000000 +0.174958 +0.920301 +0.550235 -0.785916 +0.259120 +0.415253 +0.888386 +0.000000 +0.000000 +0.000000 +0.000000
ft 2 +0.000000 +0.000000 +0.000000 +0.000000 +0.000000 +0.000000 +0.000000 +0.000000 +0.000000 +0.000000 +0.000000 +0.000000 +0.000000 +0.000000 +0.000000 +0.000000 +0.000000 +0.000000 +0.000000 +0.000000 +0.000000 +0.000000 +0.000000 +0.000000 +0.000000 +0.000000 +0.000000 +0.000000 +0.000000 +0.000000 +0.000000 +0.000000 +0.000000 +0.000000 +0.000000 +0.000000
ft 3 +0.000000 +0.000000 +0.000000 +0.000000 +0.000000 +0.000000 +0.000000 +0.000000 +0.000000 +0.000000 +0.000000 +0.000000 +0.000000 +0.000000 +0.000000 +0.000000 +0.000000 +0.000000 +0.000000 +0.000000 +0.000000 +0.000000 +0.000000 +0.000000 +0.000000 +0.000000 +0.000000 +0.000000 +0.000000 +0.000000 +0.000000 +0.000000 +0.000000 +0.000000 +0.000000 +0.000000
ft 4 +0.000000 +0.000000 +0.000000 +0.000000 +0.000000 +0.000000 +0.000000 +0.000000 +0.000000 +0.000000 +0.000000 +0.000000 +0.000000 +0.000000 +0.000000 +0.000000 +0.000000 +0.000000 +0.000000 +0.000000 +0.000000 +0.000000 +0.000000 +0.000000 +0.000000 +0.000000 +0.000000 +0.000000 +0.000000 +0.000000 +0.000000 +0.000000 +0.000000 +0.000000 +0.000000 +0.000000
sedge 

[body 7] 4
| %v = @x * 2
| %w = @x + @x
| %y = @x << 1
| return %y
leaves @x
fp 0 0000000000000000 0000000000000002 0000000000000004 0000000000000004 0000000000000002 107b8b9ac170b986 775964f8e455edd8 cabc0528be7dee90
fp 1 0000000000000000 0000000000000002 0000000000000004 0000000000000004 0000000000000002 107b8b9ac170b986 775964f8e455edd8 cabc0528be7dee90
fp 2 0000000000000000 0000000000000002 0000000000000004 0000000000000004 0000000000000002 107b8b9ac170b986 775964f8e455edd8 cabc0528be7dee90
fp 3 none
ft 0 +0.868225 -0.708360 -0.943364 -0.608859 +0.868225 -0.485633 +0.749701 +0.339523 -0.259120 +0.932781 +0.844723 -0.339523 +0.785916 +0.817439 +0.174958 -0.174958 -0.550235 +0.749701 -0.088159 -0.088159 +0.550235 +0.088159 +0.259120 +0.749701 +0.415253 +0.868225 +0.415253 +0.000000 -0.088159 +0.844723 -0.174958 +0.952322 +0.000000 +0.000000 +0.000000 +0.000000
ft 1 +0.868225 -0.708360 -0.943364 -0.608859 +0.868225 -0.485633 +0.749701 +0.339523 -0.259120 +0.932781 +0.844723 -0.339523 +0.785916 +0.817439 +0.174958 -0.174958 -0.550235 +0.749701 -0.088159 -0.088159 +0.550235 +0.088159 +0.259120 +0.749701 +0.415253 +0.868225 +0.415253 +0.000000 -0.088159 +0.844723 -0.174958 +0.952322 +0.000000 +0.000000 +0.000000 +1.000000
ft 2 +0.868225 -0.708360 -0.943364 -0.608859 +0.868225 -0.485633 +0.749701 +0.339523 -0.259120 +0.932781 +0.844723 -0.339523 +0.785916 +0.817439 +0.174958 -0.174958 -0.550235 +0.749701 -0.088159 -0.088159 +0.550235 +0.088159 +0.259120 +0.749701 +0.415253 +0.868225 +0.415253 +0.000000 -0.088159 +0.844723 -0.174958 +0.952322 +0.000000 +0.000000 +0.000000 +1.000000
ft 3 +0.000000 +0.000000 +0.000000 +0.000000 +0.000000 +0.000000 +0.000000 +0.000000 +0.000000 +0.000000 +0.000000 +0.000000 +0.000000 +0.000000 +0.000000 +0.000000 +0.000000 +0.000000 +0.000000 +0.000000 +0.000000 +0.000000 +0.000000 +0.000000 +0.000000 +0.000000 +0.000000 +0.000000 +0.000000 +0.000000 +0.000000 +0.000000 +0.000000 +0.000000 +0.000000 +0.000000
sedge 0->1 1->2

[body 8] 17
| %.t51 <- &@s
| %.t53 <- *%.t51 [4]
| %.t54 = (int64)%.t53
| %.t56 = %.t51 + 8
| %.t57 <- *%.t56 [8]
| %.t58 = (int64)%.t57 (float)
| %.t59 = %.t54 + %.t58
| %.t61 = %.t51 + 16
| %.t62 <- *%.t61 [1]
| %.t63 = (int64)%.t62
| %.t64 = %.t59 + %.t63
| %.t66 = %.t51 + 24
| %.t67 <- *%.t66 [8]
| %.t68 = (int64)%.t67 (float)
| %.t69 = %.t64 + %.t68
| %.t70 = %.t69 & 1099511627775
| return %.t70
leaves %.t51 %.t53 %.t54 %.t57 %.t58 %.t62 %.t63 %.t67 %.t68
fp 0 none
fp 1 none
fp 2 none
fp 3 0000000000000008 0000000000000009 0000000000000009 000000000000000a 000000000000000a ced18b5d5cf9220d 9c1eb1aa5b420e0e f63be77150cc2691
fp 4 none
fp 5 none
fp 6 0000000000000000 0000000000000002 0000000000000000 0000000000000000 0000000000000002 75997b46d29042b6 bd95d1ded59ca61f 9eef4ab4a496c23f
fp 7 0000000000000010 0000000000000011 0000000000000011 0000000000000012 0000000000000012 ced18b5d5cf92215 9c1eb1aa5b420e16 f63be77150cc2699
fp 8 none
fp 9 none
fp 10 0000000000000000 0000000000000003 0000000000000003 0000000000000002 0000000000000005 57766094fcca4580 51f7d3fd5f33067f 963cf27ec6e9eb49
fp 11 0000000000000018 0000000000000019 0000000000000019 000000000000001a 000000000000001a ced18b5d5cf9221d 9c1eb1aa5b420e1e f63be77150cc26a1
fp 12 none
fp 13 none
fp 14 0000000000000000 0000000000000004 0000000000000003 0000000000000004 0000000000000007 9b319592280a0993 a5ef80f7f3e45533 5bf0c70aa5e2674b
fp 15 0000000000000000 0000000000000004 0000000000000003 0000000000000004 0000000000000007 00000092280a0993 000000f7f3e45533 0000000aa5e2674b
fp 16 none
ft 0 +0.000000 +0.000000 +0.000000 +0.000000 +0.000000 +0.000000 +0.000000 +0.000000 +0.000000 +0.000000 +0.000000 +0.000000 +0.000000 +0.000000 +0.000000 +0.000000 +0.000000 +0.000000 +0.000000 +0.000000 +0.000000 +0.000000 +0.000000 +0.000000 +0.000000 +0.000000 +0.000000 +0.000000 +0.000000 +0.000000 +0.000000 +0.000000 +0.000000 +0.000000 +0.000000 +0.000000
ft 1 +0.000000 +0.000000 +0.000000 +0.000000 +0.000000 +0.000000 +0.000000 +0.000000 +0.000000 +0.000000 +0.000000 +0.000000 +0.000000 +0.000000 +0.000000 +0.000000 +0.000000 +0.000000 +0.000000 +0.000000 +0.000000 +0.000000 +0.000000 +0.000000 +0.000000 +0.000000 +0.000000 +0.000000 +0.000000 +0.000000 +0.000000 +0.000000 +0.000000 +0.000000 +0.000000 +0.000000
ft 2 +0.000000 +0.000000 +0.000000 +0.000000 +0.000000 +0.000000 +0.000000 +0.000000 +0.000000 +0.000000 +0.000000 +0.000000 +0.000000 +0.000000 +0.000000 +0.000000 +0.000000 +0.000000 +0.000000 +0.000000 +0.000000 +0.000000 +0.000000 +0.000000 +0.000000 +0.000000 +0.000000 +0.000000 +0.000000 +0.000000 +0.000000 +0.000000 +0.000000 +0.000000 +0.000000 +0.000000
ft 3 -0.088159 -0.608859 -0.339523 +0.174958 +0.905617 +0.000000 +0.661511 +0.785916 -0.550235 +0.905617 +0.888386 +0.339523 +0.608859 +0.415253 -0.339523 +0.339523 -0.088159 +0.415253 +0.088159 -0.259120 +0.905617 +0.259120 -0.661511 +0.868225 +0.661511 +0.932781 +0.550235 +0.785916 -0.868225 -0.844723 +0.608859 +0.966282 +0.000000 +0.000000 +0.000000 +0.000000
ft 4 +0.000000 +0.000000 +0.000000 +0.000000 +0.000000 +0.000000 +0.000000 +0.000000 +0.000000 +0.000000 +0.000000 +0.000000 +0.000000 +0.000000 +0.000000 +0.000000 +0.000000 +0.000000 +0.000000 +0.000000 +0.000000 +0.000000 +0.000000 +0.000000 +0.000000 +0.000000 +0.000000 +0.000000 +0.000000 +0.000000 +0.000000 +0.000000 +0.000000 +0.000000 +0.000000 +0.000000
ft 5 +0.000000 +0.000000 +0.000000 +0.000000 +0.000000 +0.000000 +0.000000 +0.000000 +0.000000 +0.000000 +0.000000 +0.000000 +0.000000 +0.000000 +0.000000 +0.000000 +0.000000 +0.000000 +0.000000 +0.000000 +0.000000 +0.000000 +0.000000 +0.000000 +0.000000 +0.000000 +0.000000 +0.000000 +0.000000 +0.000000 +0.000000 +0.000000 +0.000000 +0.000000 +0.000000 +0.000000
ft 6 +0.088159 -0.485633 -0.844723 -0.339523 +0.817439 -0.785916 +0.868225 +0.000000 -0.259120 +0.817439 +0.920301 -0.708360 +0.485633 +0.259120 +0.174958 -0.608859 +0.259120 +0.415253 -0.550235 -0.550235 +0.749701 +0.749701 -0.550235 +0.661511 +0.550235 +0.661511 +0.415253 +0.174958 +0.088159 +0.608859 +0.920301 +0.932781 +0.000000 +0.000000 +0.000000 +0.000000
ft 7 -0.174958 -0.088159 -0.088159 -0.259120 +0.888386 -0.415253 +0.708360 +0.661511 -0.339523 +0.943364 +0.817439 +0.259120 +0.661511 +0.485633 -0.088159 +0.550235 -0.339523 +0.174958 -0.608859 +0.174958 +0.920301 +0.174958 -0.708360 +0.785916 +0.785916 +0.888386 +0.000000 +0.868225 -0.920301 -0.905617 +0.661511 +0.980021 +0.000000 +0.000000 +0.000000 +0.000000
ft 8 +0.000000 +0.000000 +0.000000 +0.000000 +0.000000 +0.000000 +0.000000 +0.000000 +0.000000 +0.000000 +0.000000 +0.000000 +0.000000 +0.000000 +0.000000 +0.000000 +0.000000 +0.000000 +0.000000 +0.000000 +0.000000 +0.000000 +0.000000 +0.000000 +0.000000 +0.000000 +0.000000 +0.000000 +0.000000 +0.000000 +0.000000 +0.000000 +0.000000 +0.000000 +0.000000 +0.000000
ft 9 +0.000000 +0.000000 +0.000000 +0.000000 +0.000000 +0.000000 +0.000000 +0.000000 +0.000000 +0.000000 +0.000000 +0.000000 +0.000000 +0.000000 +0.000000 +0.000000 +0.000000 +0.000000 +0.000000 +0.000000 +0.000000 +0.000000 +0.000000 +0.000000 +0.000000 +0.000000 +0.000000 +0.000000 +0.000000 +0.000000 +0.000000 +0.000000 +0.000000 +0.000000 +0.000000 +0.000000
ft 10 +0.259120 +0.174958 -0.943364 -0.174958 +0.661511 -0.339523 +0.749701 +0.708360 +0.550235 +0.088159 +0.971668 +0.608859 -0.485633 +0.550235 -0.339523 +0.339523 +0.415253 +0.415253 -0.550235 +0.088159 +0.550235 -0.550235 +0.749701 +0.905617 +0.259120 -0.259120 +0.661511 +0.608859 -0.817439 +0.000000 -0.174958 +0.932781 +0.000000 +0.000000 +0.000000 +0.000000
ft 11 +0.000000 -0.550235 +0.088159 +0.415253 +0.785916 -0.415253 +0.608859 +0.661511 -0.339523 +0.920301 +0.932781 +0.259120 +0.661511 +0.485633 -0.088159 +0.415253 -0.339523 -0.174958 -0.485633 +0.000000 +0.888386 +0.339523 -0.708360 +0.888386 +0.708360 +0.943364 +0.174958 +0.817439 -0.943364 -0.932781 +0.661511 +0.980021 +0.000000 +0.000000 +0.000000 +0.000000
ft 12 +0.000000 +0.000000 +0.000000 +0.000000 +0.000000 +0.000000 +0.000000 +0.000000 +0.000000 +0.000000 +0.000000 +0.000000 +0.000000 +0.000000 +0.000000 +0.000000 +0.000000 +0.000000 +0.000000 +0.000000 +0.000000 +0.000000 +0.000000 +0.000000 +0.000000 +0.000000 +0.000000 +0.000000 +0.000000 +0.000000 +0.000000 +0.000000 +0.000000 +0.000000 +0.000000 +0.000000
ft 13 +0.000000 +0.000000 +0.000000 +0.000000 +0.000000 +0.000000 +0.000000 +0.000000 +0.000000 +0.000000 +0.000000 +0.000000 +0.000000 +0.000000 +0.000000 +0.000000 +0.000000 +0.000000 +0.000000 +0.000000 +0.000000 +0.000000 +0.000000 +0.000000 +0.000000 +0.000000 +0.000000 +0.000000 +0.000000 +0.000000 +0.000000 +0.000000 +0.000000 +0.000000 +0.000000 +0.000000
ft 14 +0.415253 +0.708360 -0.844723 -0.888386 +0.749701 +0.174958 +0.661511 +0.174958 -0.550235 +0.983231 +0.608859 -0.785916 +0.339523 +0.932781 -0.608859 +0.485633 +0.259120 -0.259120 +0.661511 +0.088159 -0.415253 +0.415253 +0.817439 +0.966282 +0.817439 +0.868225 -0.868225 +0.174958 -0.415253 -0.608859 +0.844723 +0.932781 +0.000000 +0.000000 +0.000000 +0.000000
ft 15 +0.661511 +0.920301 -0.708360 -0.943364 +0.661511 +0.485633 +0.088159 -0.339523 +0.088159 +0.905617 +0.174958 -0.785916 +0.708360 +0.932781 -0.608859 +0.708360 +0.259120 -0.259120 +0.661511 -0.415253 +0.415253 -0.259120 +0.259120 +0.966282 +0.661511 +0.905617 +0.415253 +0.708360 -0.415253 -0.708360 +0.708360 +0.966282 +0.000000 +0.000000 +0.000000 +0.000000
ft 16 +0.000000 +0.000000 +0.000000 +0.000000 +0.000000 +0.000000 +0.000000 +0.000000 +0.000000 +0.000000 +0.000000 +0.000000 +0.000000 +0.000000 +0.000000 +0.000000 +0.000000 +0.000000 +0.000000 +0.000000 +0.000000 +0.000000 +0.000000 +0.000000 +0.000000 +0.000000 +0.000000 +0.000000 +0.000000 +0.000000 +0.000000 +0.000000 +0.000000 +0.000000 +0.000000 +0.000000
sedge 

[body 9] 7
| local @s : float64
| @s <- 0.000000
| local @i : int64
| @i <- 0
| @s += simd_dot_f64(a=@a, b=@b, len=@n)
| label ir_while_end_24
| return @s
leaves @s
fp 0 none
fp 1 none
fp 2 none
fp 3 0000000000000000 0000000000000000 0000000000000000 0000000000000000 0000000000000000 0000000000000000 0000000000000000 0000000000000000
fp 4 none
fp 5 none
fp 6 none
ft 0 +0.000000 +0.000000 +0.000000 +0.000000 +0.000000 +0.000000 +0.000000 +0.000000 +0.000000 +0.000000 +0.000000 +0.000000 +0.000000 +0.000000 +0.000000 +0.000000 +0.000000 +0.000000 +0.000000 +0.000000 +0.000000 +0.000000 +0.000000 +0.000000 +0.000000 +0.000000 +0.000000 +0.000000 +0.000000 +0.000000 +0.000000 +0.000000 +0.000000 +0.000000 +0.000000 +0.000000
ft 1 +0.000000 +0.000000 +0.000000 +0.000000 +0.000000 +0.000000 +0.000000 +0.000000 +0.000000 +0.000000 +0.000000 +0.000000 +0.000000 +0.000000 +0.000000 +0.000000 +0.000000 +0.000000 +0.000000 +0.000000 +0.000000 +0.000000 +0.000000 +0.000000 +0.000000 +0.000000 +0.000000 +0.000000 +0.000000 +0.000000 +0.000000 +0.000000 +0.000000 +0.000000 +0.000000 +0.000000
ft 2 +0.000000 +0.000000 +0.000000 +0.000000 +0.000000 +0.000000 +0.000000 +0.000000 +0.000000 +0.000000 +0.000000 +0.000000 +0.000000 +0.000000 +0.000000 +0.000000 +0.000000 +0.000000 +0.000000 +0.000000 +0.000000 +0.000000 +0.000000 +0.000000 +0.000000 +0.000000 +0.000000 +0.000000 +0.000000 +0.000000 +0.000000 +0.000000 +0.000000 +0.000000 +0.000000 +0.000000
ft 3 +0.550235 +0.339523 -0.959893 -0.844723 +0.415253 +0.844723 +0.550235 -0.485633 -0.088159 +0.868225 +0.844723 +0.000000 +0.844723 +0.983231 -0.174958 +0.844723 +0.088159 +0.817439 +0.868225 -0.952322 +0.868225 +0.259120 -0.415253 +0.991697 +0.088159 +0.415253 +0.905617 +0.785916 -0.415253 -0.608859 +0.339523 +0.966282 +1.000000 +0.000000 +1.000000 +0.000000
ft 4 +0.000000 +0.000000 +0.000000 +0.000000 +0.000000 +0.000000 +0.000000 +0.000000 +0.000000 +0.000000 +0.000000 +0.000000 +0.000000 +0.000000 +0.000000 +0.000000 +0.000000 +0.000000 +0.000000 +0.000000 +0.000000 +0.000000 +0.000000 +0.000000 +0.000000 +0.000000 +0.000000 +0.000000 +0.000000 +0.000000 +0.000000 +0.000000 +0.000000 +0.000000 +0.000000 +0.000000
ft 5 +0.000000 +0.000000 +0.000000 +0.000000 +0.000000 +0.000000 +0.000000 +0.000000 +0.000000 +0.000000 +0.000000 +0.000000 +0.000000 +0.000000 +0.000000 +0.000000 +0.000000 +0.000000 +0.000000 +0.000000 +0.000000 +0.000000 +0.000000 +0.000000 +0.000000 +0.000000 +0.000000 +0.000000 +0.000000 +0.000000 +0.000000 +0.000000 +0.000000 +0.000000 +0.000000 +0.000000
ft 6 +0.000000 +0.000000 +0.000000 +0.000000 +0.000000 +0.000000 +0.000000 +0.000000 +0.000000 +0.000000 +0.000000 +0.000000 +0.000000 +0.000000 +0.000000 +0.000000 +0.000000 +0.000000 +0.000000 +0.000000 +0.000000 +0.000000 +0.000000 +0.000000 +0.000000 +0.000000 +0.000000 +0.000000 +0.000000 +0.000000 +0.000000 +0.000000 +0.000000 +0.000000 +0.000000 +0.000000
sedge 

[body 10] 5
| local @i : int64
| @i <- 0
| @a = simd_affine_map_f64(src=@a, dst=@a, len=@n, a=0.000000, b=3.000000, c=9.000000)
| label ir_errdefer_ok_35
| return _
leaves @a
fp 0 none
fp 1 0000000000000000 0000000000000000 0000000000000000 0000000000000000 0000000000000000 0000000000000000 0000000000000000 0000000000000000
fp 2 none
fp 3 none
fp 4 none
ft 0 +0.000000 +0.000000 +0.000000 +0.000000 +0.000000 +0.000000 +0.000000 +0.000000 +0.000000 +0.000000 +0.000000 +0.000000 +0.000000 +0.000000 +0.000000 +0.000000 +0.000000 +0.000000 +0.000000 +0.000000 +0.000000 +0.000000 +0.000000 +0.000000 +0.000000 +0.000000 +0.000000 +0.000000 +0.000000 +0.000000 +0.000000 +0.000000 +0.000000 +0.000000 +0.000000 +0.000000
ft 1 +0.550235 +0.339523 -0.959893 -0.844723 +0.415253 +0.844723 +0.550235 -0.485633 -0.088159 +0.868225 +0.844723 +0.000000 +0.844723 +0.983231 -0.174958 +0.844723 +0.088159 +0.817439 +0.868225 -0.952322 +0.868225 +0.259120 -0.415253 +0.991697 +0.088159 +0.415253 +0.905617 +0.785916 -0.415253 -0.608859 +0.339523 +0.966282 +1.000000 +0.000000 +1.000000 +0.000000
ft 2 +0.000000 +0.000000 +0.000000 +0.000000 +0.000000 +0.000000 +0.000000 +0.000000 +0.000000 +0.000000 +0.000000 +0.000000 +0.000000 +0.000000 +0.000000 +0.000000 +0.000000 +0.000000 +0.000000 +0.000000 +0.000000 +0.000000 +0.000000 +0.000000 +0.000000 +0.000000 +0.000000 +0.000000 +0.000000 +0.000000 +0.000000 +0.000000 +0.000000 +0.000000 +0.000000 +0.000000
ft 3 +0.000000 +0.000000 +0.000000 +0.000000 +0.000000 +0.000000 +0.000000 +0.000000 +0.000000 +0.000000 +0.000000 +0.000000 +0.000000 +0.000000 +0.000000 +0.000000 +0.000000 +0.000000 +0.000000 +0.000000 +0.000000 +0.000000 +0.000000 +0.000000 +0.000000 +0.000000 +0.000000 +0.000000 +0.000000 +0.000000 +0.000000 +0.000000 +0.000000 +0.000000 +0.000000 +0.000000
ft 4 +0.000000 +0.000000 +0.000000 +0.000000 +0.000000 +0.000000 +0.000000 +0.000000 +0.000000 +0.000000 +0.000000 +0.000000 +0.000000 +0.000000 +0.000000 +0.000000 +0.000000 +0.000000 +0.000000 +0.000000 +0.000000 +0.000000 +0.000000 +0.000000 +0.000000 +0.000000 +0.000000 +0.000000 +0.000000 +0.000000 +0.000000 +0.000000 +0.000000 +0.000000 +0.000000 +0.000000
sedge 

[body 11] 8
| local @r : float64
| %.t37 = (float64)@x (float)
| %.t38 = %.t37 * (float) 9.000000
| %.t39 = (float64)@y (float)
| %.t40 = %.t39 * (float) 7.000000
| @r = %.t38 + (float) %.t40
| %.t42 = @r + (float) 3.000000
| return %.t42
leaves %.t37 %.t38 %.t39 %.t40 %.t42 @r
fp 0 none
fp 1 none
fp 2 none
fp 3 none
fp 4 none
fp 5 none
fp 6 none
fp 7 none
ft 0 +0.000000 +0.000000 +0.000000 +0.000000 +0.000000 +0.000000 +0.000000 +0.000000 +0.000000 +0.000000 +0.000000 +0.000000 +0.000000 +0.000000 +0.000000 +0.000000 +0.000000 +0.000000 +0.000000 +0.000000 +0.000000 +0.000000 +0.000000 +0.000000 +0.000000 +0.000000 +0.000000 +0.000000 +0.000000 +0.000000 +0.000000 +0.000000 +0.000000 +0.000000 +0.000000 +0.000000
ft 1 +0.000000 +0.000000 +0.000000 +0.000000 +0.000000 +0.000000 +0.000000 +0.000000 +0.000000 +0.000000 +0.000000 +0.000000 +0.000000 +0.000000 +0.000000 +0.000000 +0.000000 +0.000000 +0.000000 +0.000000 +0.000000 +0.000000 +0.000000 +0.000000 +0.000000 +0.000000 +0.000000 +0.000000 +0.000000 +0.000000 +0.000000 +0.000000 +0.000000 +0.000000 +0.000000 +0.000000
ft 2 +0.000000 +0.000000 +0.000000 +0.000000 +0.000000 +0.000000 +0.000000 +0.000000 +0.000000 +0.000000 +0.000000 +0.000000 +0.000000 +0.000000 +0.000000 +0.000000 +0.000000 +0.000000 +0.000000 +0.000000 +0.000000 +0.000000 +0.000000 +0.000000 +0.000000 +0.000000 +0.000000 +0.000000 +0.000000 +0.000000 +0.000000 +0.000000 +0.000000 +0.000000 +0.000000 +0.000000
ft 3 +0.000000 +0.000000 +0.000000 +0.000000 +0.000000 +0.000000 +0.000000 +0.000000 +0.000000 +0.000000 +0.000000 +0.000000 +0.000000 +0.000000 +0.000000 +0.000000 +0.000000 +0.000000 +0.000000 +0.000000 +0.000000 +0.000000 +0.000000 +0.000000 +0.000000 +0.000000 +0.000000 +0.000000 +0.000000 +0.000000 +0.000000 +0.000000 +0.000000 +0.000000 +0.000000 +0.000000
ft 4 +0.000000 +0.000000 +0.000000 +0.000000 +0.000000 +0.000000 +0.000000 +0.000000 +0.000000 +0.000000 +0.000000 +0.000000 +0.000000 +0.000000 +0.000000 +0.000000 +0.000000 +0.000000 +0.000000 +0.000000 +0.000000 +0.000000 +0.000000 +0.000000 +0.000000 +0.000000 +0.000000 +0.000000 +0.000000 +0.000000 +0.000000 +0.000000 +0.000000 +0.000000 +0.000000 +0.000000
ft 5 +0.000000 +0.000000 +0.000000 +0.000000 +0.000000 +0.000000 +0.000000 +0.000000 +0.000000 +0.000000 +0.000000 +0.000000 +0.000000 +0.000000 +0.000000 +0.000000 +0.000000 +0.000000 +0.000000 +0.000000 +0.000000 +0.000000 +0.000000 +0.000000 +0.000000 +0.000000 +0.000000 +0.000000 +0.000000 +0.000000 +0.000000 +0.000000 +0.000000 +0.000000 +0.000000 +0.000000
ft 6 +0.000000 +0.000000 +0.000000 +0.000000 +0.000000 +0.000000 +0.000000 +0.000000 +0.000000 +0.000000 +0.000000 +0.000000 +0.000000 +0.000000 +0.000000 +0.000000 +0.000000 +0.000000 +0.000000 +0.000000 +0.000000 +0.000000 +0.000000 +0.000000 +0.000000 +0.000000 +0.000000 +0.000000 +0.000000 +0.000000 +0.000000 +0.000000 +0.000000 +0.000000 +0.000000 +0.000000
ft 7 +0.000000 +0.000000 +0.000000 +0.000000 +0.000000 +0.000000 +0.000000 +0.000000 +0.000000 +0.000000 +0.000000 +0.000000 +0.000000 +0.000000 +0.000000 +0.000000 +0.000000 +0.000000 +0.000000 +0.000000 +0.000000 +0.000000 +0.000000 +0.000000 +0.000000 +0.000000 +0.000000 +0.000000 +0.000000 +0.000000 +0.000000 +0.000000 +0.000000 +0.000000 +0.000000 +0.000000
sedge 

[body 12] 34
| local @r : int64
| @r = @p0 & 1099511627775
| local @k : int64
| @k <- 1
| %.t28 = @r + @k
| %.t29 = %.t28 & 1099511627775
| @r <- %.t29
| @k <- 2
| %.t28 = @r + @k
| %.t29 = %.t28 & 1099511627775
| @r <- %.t29
| @k <- 3
| %.t28 = @r + @k
| %.t29 = %.t28 & 1099511627775
| @r <- %.t29
| @k <- 4
| %.t28 = @r + @k
| %.t29 = %.t28 & 1099511627775
| @r <- %.t29
| @k <- 5
| %.t28 = @r + @k
| %.t29 = %.t28 & 1099511627775
| @r <- %.t29
| @k <- 6
| %.t28 = @r + @k
| %.t29 = %.t28 & 1099511627775
| @r <- %.t29
| @k <- 7
| %.t28 = @r + @k
| %.t29 = %.t28 & 1099511627775
| @r <- %.t29
| @k <- 8
| %.t31 = @r & 1099511627775
| return %.t31
leaves %.t28 %.t29 @k @r
fp 0 none
fp 1 none
fp 2 none
fp 3 none
fp 4 none
fp 5 none
fp 6 none
fp 7 none
fp 8 none
fp 9 none
fp 10 none
fp 11 none
fp 12 none
fp 13 none
fp 14 none
fp 15 none
fp 16 none
fp 17 none
fp 18 none
fp 19 none
fp 20 none
fp 21 none
fp 22 none
fp 23 none
fp 24 none
fp 25 none
fp 26 none
fp 27 none
fp 28 none
fp 29 none
fp 30 none
fp 31 none
fp 32 0000000000000000 0000000000000001 0000000000000000 0000000000000003 0000000000000002 00000047fdc0d712 000000e2e90c6f4a 000000f659c86330
fp 33 none
ft 0 +0.000000 +0.000000 +0.000000 +0.000000 +0.000000 +0.000000 +0.000000 +0.000000 +0.000000 +0.000000 +0.000000 +0.000000 +0.000000 +0.000000 +0.000000 +0.000000 +0.000000 +0.000000 +0.000000 +0.000000 +0.000000 +0.000000 +0.000000 +0.000000 +0.000000 +0.000000 +0.000000 +0.000000 +0.000000 +0.000000 +0.000000 +0.000000 +0.000000 +0.000000 +0.000000 +0.000000
ft 1 +0.000000 +0.000000 +0.000000 +0.000000 +0.000000 +0.000000 +0.000000 +0.000000 +0.000000 +0.000000 +0.000000 +0.000000 +0.000000 +0.000000 +0.000000 +0.000000 +0.000000 +0.000000 +0.000000 +0.000000 +0.000000 +0.000000 +0.000000 +0.000000 +0.000000 +0.000000 +0.000000 +0.000000 +0.000000 +0.000000 +0.000000 +0.000000 +0.000000 +0.000000 +0.000000 +0.000000
ft 2 +0.000000 +0.000000 +0.000000 +0.000000 +0.000000 +0.000000 +0.000000 +0.000000 +0.000000 +0.000000 +0.000000 +0.000000 +0.000000 +0.000000 +0.000000 +0.000000 +0.000000 +0.000000 +0.000000 +0.000000 +0.000000 +0.000000 +0.000000 +0.000000 +0.000000 +0.000000 +0.000000 +0.000000 +0.000000 +0.000000 +0.000000 +0.000000 +0.000000 +0.000000 +0.000000 +0.000000
ft 3 +0.000000 +0.000000 +0.000000 +0.000000 +0.000000 +0.000000 +0.000000 +0.000000 +0.000000 +0.000000 +0.000000 +0.000000 +0.000000 +0.000000 +0.000000 +0.000000 +0.000000 +0.000000 +0.000000 +0.000000 +0.000000 +0.000000 +0.000000 +0.000000 +0.000000 +0.000000 +0.000000 +0.000000 +0.000000 +0.000000 +0.000000 +0.000000 +0.000000 +0.000000 +0.000000 +0.000000
ft 4 +0.000000 +0.000000 +0.000000 +0.000000 +0.000000 +0.000000 +0.000000 +0.000000 +0.000000 +0.000000 +0.000000 +0.000000 +0.000000 +0.000000 +0.000000 +0.000000 +0.000000 +0.000000 +0.000000 +0.000000 +0.000000 +0.000000 +0.000000 +0.000000 +0.000000 +0.000000 +0.000000 +0.000000 +0.000000 +0.000000 +0.000000 +0.000000 +0.000000 +0.000000 +0.000000 +0.000000
ft 5 +0.000000 +0.000000 +0.000000 +0.000000 +0.000000 +0.000000 +0.000000 +0.000000 +0.000000 +0.000000 +0.000000 +0.000000 +0.000000 +0.000000 +0.000000 +0.000000 +0.000000 +0.000000 +0.000000 +0.000000 +0.000000 +0.000000 +0.000000 +0.000000 +0.000000 +0.000000 +0.000000 +0.000000 +0.000000 +0.000000 +0.000000 +0.000000 +0.000000 +0.000000 +0.000000 +0.000000
ft 6 +0.000000 +0.000000 +0.000000 +0.000000 +0.000000 +0.000000 +0.000000 +0.000000 +0.000000 +0.000000 +0.000000 +0.000000 +0.000000 +0.000000 +0.000000 +0.000000 +0.000000 +0.000000 +0.000000 +0.000000 +0.000000 +0.000000 +0.000000 +0.000000 +0.000000 +0.000000 +0.000000 +0.000000 +0.000000 +0.000000 +0.000000 +0.000000 +0.000000 +0.000000 +0.000000 +0.000000
ft 7 +0.000000 +0.000000 +0.000000 +0.000000 +0.000000 +0.000000 +0.000000 +0.000000 +0.000000 +0.000000 +0.000000 +0.000000 +0.000000 +0.000000 +0.000000 +0.000000 +0.000000 +0.000000 +0.000000 +0.000000 +0.000000 +0.000000 +0.000000 +0.000000 +0.000000 +0.000000 +0.000000 +0.000000 +0.000000 +0.000000 +0.000000 +0.000000 +0.000000 +0.000000 +0.000000 +0.000000
ft 8 +0.000000 +0.000000 +0.000000 +0.000000 +0.000000 +0.000000 +0.000000 +0.000000 +0.000000 +0.000000 +0.000000 +0.000000 +0.000000 +0.000000 +0.000000 +0.000000 +0.000000 +0.000000 +0.000000 +0.000000 +0.000000 +0.000000 +0.000000 +0.000000 +0.000000 +0.000000 +0.000000 +0.000000 +0.000000 +0.000000 +0.000000 +0.000000 +0.000000 +0.000000 +0.000000 +0.000000
ft 9 +0.000000 +0.000000 +0.000000 +0.000000 +0.000000 +0.000000 +0.000000 +0.000000 +0.000000 +0.000000 +0.000000 +0.000000 +0.000000 +0.000000 +0.000000 +0.000000 +0.000000 +0.000000 +0.000000 +0.000000 +0.000000 +0.000000 +0.000000 +0.000000 +0.000000 +0.000000 +0.000000 +0.000000 +0.000000 +0.000000 +0.000000 +0.000000 +0.000000 +0.000000 +0.000000 +0.000000
ft 10 +0.000000 +0.000000 +0.000000 +0.000000 +0.000000 +0.000000 +0.000000 +0.000000 +0.000000 +0.000000 +0.000000 +0.000000 +0.000000 +0.000000 +0.000000 +0.000000 +0.000000 +0.000000 +0.000000 +0.000000 +0.000000 +0.000000 +0.000000 +0.000000 +0.000000 +0.000000 +0.000000 +0.000000 +0.000000 +0.000000 +0.000000 +0.000000 +0.000000 +0.000000 +0.000000 +0.000000
ft 11 +0.000000 +0.000000 +0.000000 +0.000000 +0.000000 +0.000000 +0.000000 +0.000000 +0.000000 +0.000000 +0.000000 +0.000000 +0.000000 +0.000000 +0.000000 +0.000000 +0.000000 +0.000000 +0.000000 +0.000000 +0.000000 +0.000000 +0.000000 +0.000000 +0.000000 +0.000000 +0.000000 +0.000000 +0.000000 +0.000000 +0.000000 +0.000000 +0.000000 +0.000000 +0.000000 +0.000000
ft 12 +0.000000 +0.000000 +0.000000 +0.000000 +0.000000 +0.000000 +0.000000 +0.000000 +0.000000 +0.000000 +0.000000 +0.000000 +0.000000 +0.000000 +0.000000 +0.000000 +0.000000 +0.000000 +0.000000 +0.000000 +0.000000 +0.000000 +0.000000 +0.000000 +0.000000 +0.000000 +0.000000 +0.000000 +0.000000 +0.000000 +0.000000 +0.000000 +0.000000 +0.000000 +0.000000 +0.000000
ft 13 +0.000000 +0.000000 +0.000000 +0.000000 +0.000000 +0.000000 +0.000000 +0.000000 +0.000000 +0.000000 +0.000000 +0.000000 +0.000000 +0.000000 +0.000000 +0.000000 +0.000000 +0.000000 +0.000000 +0.000000 +0.000000 +0.000000 +0.000000 +0.000000 +0.000000 +0.000000 +0.000000 +0.000000 +0.000000 +0.000000 +0.000000 +0.000000 +0.000000 +0.000000 +0.000000 +0.000000
ft 14 +0.000000 +0.000000 +0.000000 +0.000000 +0.000000 +0.000000 +0.000000 +0.000000 +0.000000 +0.000000 +0.000000 +0.000000 +0.000000 +0.000000 +0.000000 +0.000000 +0.000000 +0.000000 +0.000000 +0.000000 +0.000000 +0.000000 +0.000000 +0.000000 +0.000000 +0.000000 +0.000000 +0.000000 +0.000000 +0.000000 +0.000000 +0.000000 +0.000000 +0.000000 +0.000000 +0.000000
ft 15 +0.000000 +0.000000 +0.000000 +0.000000 +0.000000 +0.000000 +0.000000 +0.000000 +0.000000 +0.000000 +0.000000 +0.000000 +0.000000 +0.000000 +0.000000 +0.000000 +0.000000 +0.000000 +0.000000 +0.000000 +0.000000 +0.000000 +0.000000 +0.000000 +0.000000 +0.000000 +0.000000 +0.000000 +0.000000 +0.000000 +0.000000 +0.000000 +0.000000 +0.000000 +0.000000 +0.000000
ft 16 +0.000000 +0.000000 +0.000000 +0.000000 +0.000000 +0.000000 +0.000000 +0.000000 +0.000000 +0.000000 +0.000000 +0.000000 +0.000000 +0.000000 +0.000000 +0.000000 +0.000000 +0.000000 +0.000000 +0.000000 +0.000000 +0.000000 +0.000000 +0.000000 +0.000000 +0.000000 +0.000000 +0.000000 +0.000000 +0.000000 +0.000000 +0.000000 +0.000000 +0.000000 +0.000000 +0.000000
ft 17 +0.000000 +0.000000 +0.000000 +0.000000 +0.000000 +0.000000 +0.000000 +0.000000 +0.000000 +0.000000 +0.000000 +0.000000 +0.000000 +0.000000 +0.000000 +0.000000 +0.000000 +0.000000 +0.000000 +0.000000 +0.000000 +0.000000 +0.000000 +0.000000 +0.000000 +0.000000 +0.000000 +0.000000 +0.000000 +0.000000 +0.000000 +0.000000 +0.000000 +0.000000 +0.000000 +0.000000
ft 18 +0.000000 +0.000000 +0.000000 +0.000000 +0.000000 +0.000000 +0.000000 +0.000000 +0.000000 +0.000000 +0.000000 +0.000000 +0.000000 +0.000000 +0.000000 +0.000000 +0.000000 +0.000000 +0.000000 +0.000000 +0.000000 +0.000000 +0.000000 +0.000000 +0.000000 +0.000000 +0.000000 +0.000000 +0.000000 +0.000000 +0.000000 +0.000000 +0.000000 +0.000000 +0.000000 +0.000000
ft 19 +0.000000 +0.000000 +0.000000 +0.000000 +0.000000 +0.000000 +0.000000 +0.000000 +0.000000 +0.000000 +0.000000 +0.000000 +0.000000 +0.000000 +0.000000 +0.000000 +0.000000 +0.000000 +0.000000 +0.000000 +0.000000 +0.000000 +0.000000 +0.000000 +0.000000 +0.000000 +0.000000 +0.000000 +0.000000 +0.000000 +0.000000 +0.000000 +0.000000 +0.000000 +0.000000 +0.000000
ft 20 +0.000000 +0.000000 +0.000000 +0.000000 +0.000000 +0.000000 +0.000000 +0.000000 +0.000000 +0.000000 +0.000000 +0.000000 +0.000000 +0.000000 +0.000000 +0.000000 +0.000000 +0.000000 +0.000000 +0.000000 +0.000000 +0.000000 +0.000000 +0.000000 +0.000000 +0.000000 +0.000000 +0.000000 +0.000000 +0.000000 +0.000000 +0.000000 +0.000000 +0.000000 +0.000000 +0.000000
ft 21 +0.000000 +0.000000 +0.000000 +0.000000 +0.000000 +0.000000 +0.000000 +0.000000 +0.000000 +0.000000 +0.000000 +0.000000 +0.000000 +0.000000 +0.000000 +0.000000 +0.000000 +0.000000 +0.000000 +0.000000 +0.000000 +0.000000 +0.000000 +0.000000 +0.000000 +0.000000 +0.000000 +0.000000 +0.000000 +0.000000 +0.000000 +0.000000 +0.000000 +0.000000 +0.000000 +0.000000
ft 22 +0.000000 +0.000000 +0.000000 +0.000000 +0.000000 +0.000000 +0.000000 +0.000000 +0.000000 +0.000000 +0.000000 +0.000000 +0.000000 +0.000000 +0.000000 +0.000000 +0.000000 +0.000000 +0.000000 +0.000000 +0.000000 +0.000000 +0.000000 +0.000000 +0.000000 +0.000000 +0.000000 +0.000000 +0.000000 +0.000000 +0.000000 +0.000000 +0.000000 +0.000000 +0.000000 +0.000000
ft 23 +0.000000 +0.000000 +0.000000 +0.000000 +0.000000 +0.000000 +0.000000 +0.000000 +0.000000 +0.000000 +0.000000 +0.000000 +0.000000 +0.000000 +0.000000 +0.000000 +0.000000 +0.000000 +0.000000 +0.000000 +0.000000 +0.000000 +0.000000 +0.000000 +0.000000 +0.000000 +0.000000 +0.000000 +0.000000 +0.000000 +0.000000 +0.000000 +0.000000 +0.000000 +0.000000 +0.000000
ft 24 +0.000000 +0.000000 +0.000000 +0.000000 +0.000000 +0.000000 +0.000000 +0.000000 +0.000000 +0.000000 +0.000000 +0.000000 +0.000000 +0.000000 +0.000000 +0.000000 +0.000000 +0.000000 +0.000000 +0.000000 +0.000000 +0.000000 +0.000000 +0.000000 +0.000000 +0.000000 +0.000000 +0.000000 +0.000000 +0.000000 +0.000000 +0.000000 +0.000000 +0.000000 +0.000000 +0.000000
ft 25 +0.000000 +0.000000 +0.000000 +0.000000 +0.000000 +0.000000 +0.000000 +0.000000 +0.000000 +0.000000 +0.000000 +0.000000 +0.000000 +0.000000 +0.000000 +0.000000 +0.000000 +0.000000 +0.000000 +0.000000 +0.000000 +0.000000 +0.000000 +0.000000 +0.000000 +0.000000 +0.000000 +0.000000 +0.000000 +0.000000 +0.000000 +0.000000 +0.000000 +0.000000 +0.000000 +0.000000
ft 26 +0.000000 +0.000000 +0.000000 +0.000000 +0.000000 +0.000000 +0.000000 +0.000000 +0.000000 +0.000000 +0.000000 +0.000000 +0.000000 +0.000000 +0.000000 +0.000000 +0.000000 +0.000000 +0.000000 +0.000000 +0.000000 +0.000000 +0.000000 +0.000000 +0.000000 +0.000000 +0.000000 +0.000000 +0.000000 +0.000000 +0.000000 +0.000000 +0.000000 +0.000000 +0.000000 +0.000000
ft 27 +0.000000 +0.000000 +0.000000 +0.000000 +0.000000 +0.000000 +0.000000 +0.000000 +0.000000 +0.000000 +0.000000 +0.000000 +0.000000 +0.000000 +0.000000 +0.000000 +0.000000 +0.000000 +0.000000 +0.000000 +0.000000 +0.000000 +0.000000 +0.000000 +0.000000 +0.000000 +0.000000 +0.000000 +0.000000 +0.000000 +0.000000 +0.000000 +0.000000 +0.000000 +0.000000 +0.000000
ft 28 +0.000000 +0.000000 +0.000000 +0.000000 +0.000000 +0.000000 +0.000000 +0.000000 +0.000000 +0.000000 +0.000000 +0.000000 +0.000000 +0.000000 +0.000000 +0.000000 +0.000000 +0.000000 +0.000000 +0.000000 +0.000000 +0.000000 +0.000000 +0.000000 +0.000000 +0.000000 +0.000000 +0.000000 +0.000000 +0.000000 +0.000000 +0.000000 +0.000000 +0.000000 +0.000000 +0.000000
ft 29 +0.000000 +0.000000 +0.000000 +0.000000 +0.000000 +0.000000 +0.000000 +0.000000 +0.000000 +0.000000 +0.000000 +0.000000 +0.000000 +0.000000 +0.000000 +0.000000 +0.000000 +0.000000 +0.000000 +0.000000 +0.000000 +0.000000 +0.000000 +0.000000 +0.000000 +0.000000 +0.000000 +0.000000 +0.000000 +0.000000 +0.000000 +0.000000 +0.000000 +0.000000 +0.000000 +0.000000
ft 30 +0.000000 +0.000000 +0.000000 +0.000000 +0.000000 +0.000000 +0.000000 +0.000000 +0.000000 +0.000000 +0.000000 +0.000000 +0.000000 +0.000000 +0.000000 +0.000000 +0.000000 +0.000000 +0.000000 +0.000000 +0.000000 +0.000000 +0.000000 +0.000000 +0.000000 +0.000000 +0.000000 +0.000000 +0.000000 +0.000000 +0.000000 +0.000000 +0.000000 +0.000000 +0.000000 +0.000000
ft 31 +0.000000 +0.000000 +0.000000 +0.000000 +0.000000 +0.000000 +0.000000 +0.000000 +0.000000 +0.000000 +0.000000 +0.000000 +0.000000 +0.000000 +0.000000 +0.000000 +0.000000 +0.000000 +0.000000 +0.000000 +0.000000 +0.000000 +0.000000 +0.000000 +0.000000 +0.000000 +0.000000 +0.000000 +0.000000 +0.000000 +0.000000 +0.000000 +0.000000 +0.000000 +0.000000 +0.000000
ft 32 +0.817439 +0.844723 -0.943364 -0.339523 +0.868225 +0.000000 -0.088159 +0.608859 -0.749701 +0.415253 +0.785916 +0.174958 +0.785916 +0.817439 +0.485633 +0.485633 -0.415253 -0.259120 +0.661511 -0.905617 +0.550235 -0.550235 -0.868225 +0.976204 -0.088159 +0.952322 +0.868225 +0.785916 -0.415253 -0.485633 -0.339523 +0.966282 +0.000000 +0.000000 +0.000000 +0.000000
ft 33 +0.000000 +0.000000 +0.000000 +0.000000 +0.000000 +0.000000 +0.000000 +0.000000 +0.000000 +0.000000 +0.000000 +0.000000 +0.000000 +0.000000 +0.000000 +0.000000 +0.000000 +0.000000 +0.000000 +0.000000 +0.000000 +0.000000 +0.000000 +0.000000 +0.000000 +0.000000 +0.000000 +0.000000 +0.000000 +0.000000 +0.000000 +0.000000 +0.000000 +0.000000 +0.000000 +0.000000
sedge 

[body 13] 8
| %.t35 <- *@v [4]
| %.t36 = @v + 4
| %.t37 <- *%.t36 [4]
| %.t38 = %.t35 + %.t37
| %.t39 = @v + 8
| %.t40 <- *%.t39 [4]
| %.t41 = %.t38 + %.t40
| return %.t41
leaves %.t35 %.t37 %.t40 @v
fp 0 none
fp 1 0000000000000004 0000000000000005 0000000000000006 0000000000000005 0000000000000004 8a23aa1bdf70f9ba e7989aa3c555c510 8be252f58e06e7c8
fp 2 none
fp 3 0000000000000000 0000000000000002 0000000000000003 0000000000000001 0000000000000004 c1dfd7d87830c643 3935cbfd5e111304 146fde960a8a9613
fp 4 0000000000000008 0000000000000009 000000000000000a 0000000000000009 0000000000000008 8a23aa1bdf70f9be e7989aa3c555c514 8be252f58e06e7cc
fp 5 none
fp 6 0000000000000000 0000000000000003 0000000000000004 0000000000000001 0000000000000007 95e23cb32deb9525 396be63c177e5c1e 92c86b26f3aa1166
fp 7 none
ft 0 +0.000000 +0.000000 +0.000000 +0.000000 +0.000000 +0.000000 +0.000000 +0.000000 +0.000000 +0.000000 +0.000000 +0.000000 +0.000000 +0.000000 +0.000000 +0.000000 +0.000000 +0.000000 +0.000000 +0.000000 +0.000000 +0.000000 +0.000000 +0.000000 +0.000000 +0.000000 +0.000000 +0.000000 +0.000000 +0.000000 +0.000000 +0.000000 +0.000000 +0.000000 +0.000000 +0.000000
ft 1 -0.339523 +0.088159 -0.817439 +0.088159 +0.844723 -0.749701 +0.844723 -0.259120 -0.485633 +0.608859 +0.932781 -0.817439 -0.415253 +0.608859 -0.817439 +0.550235 -0.485633 +0.000000 -0.339523 -0.608859 +0.943364 +0.608859 +0.485633 +0.785916 +0.920301 +0.339523 +0.000000 +0.415253 +0.174958 +0.550235 -0.661511 +0.980021 +0.000000 +0.000000 +0.000000 +0.000000
ft 2 +0.000000 +0.000000 +0.000000 +0.000000 +0.000000 +0.000000 +0.000000 +0.000000 +0.000000 +0.000000 +0.000000 +0.000000 +0.000000 +0.000000 +0.000000 +0.000000 +0.000000 +0.000000 +0.000000 +0.000000 +0.000000 +0.000000 +0.000000 +0.000000 +0.000000 +0.000000 +0.000000 +0.000000 +0.000000 +0.000000 +0.000000 +0.000000 +0.000000 +0.000000 +0.000000 +0.000000
ft 3 -0.485633 +0.259120 -0.661511 -0.415253 +0.920301 -0.259120 +0.000000 -0.088159 -0.785916 +0.920301 +0.976204 -0.550235 +0.088159 +0.608859 -0.817439 +0.817439 +0.485633 +0.608859 -0.485633 -0.339523 +0.708360 +0.785916 -0.174958 +0.785916 +0.174958 -0.174958 +0.174958 -0.415253 -0.959893 +0.259120 +0.550235 +0.990099 +0.000000 +0.000000 +0.000000 +0.000000
ft 4 -0.259120 -0.485633 -0.708360 +0.608859 +0.905617 -0.785916 +0.868225 -0.174958 -0.749701 +0.550235 +0.959893 -0.844723 -0.608859 +0.749701 -0.608859 +0.485633 -0.415253 +0.088159 -0.259120 -0.817439 +0.932781 +0.749701 +0.415253 +0.868225 +0.932781 +0.415253 +0.415253 +0.608859 +0.088159 +0.608859 -0.485633 +0.983231 +0.000000 +0.000000 +0.000000 +0.000000
ft 5 +0.000000 +0.000000 +0.000000 +0.000000 +0.000000 +0.000000 +0.000000 +0.000000 +0.000000 +0.000000 +0.000000 +0.000000 +0.000000 +0.000000 +0.000000 +0.000000 +0.000000 +0.000000 +0.000000 +0.000000 +0.000000 +0.000000 +0.000000 +0.000000 +0.000000 +0.000000 +0.000000 +0.000000 +0.000000 +0.000000 +0.000000 +0.000000 +0.000000 +0.000000 +0.000000 +0.000000
ft 6 +0.174958 -0.749701 -0.983231 +0.088159 -0.339523 -0.415253 +0.608859 -0.661511 -0.608859 +0.980021 +0.868225 +0.415253 +0.415253 +0.888386 +0.259120 +0.817439 +0.608859 -0.174958 +0.000000 +0.485633 +0.708360 +0.485633 -0.608859 +0.888386 -0.708360 +0.920301 +0.608859 +0.088159 -0.888386 +0.259120 +0.088159 +0.971668 +0.000000 +0.000000 +0.000000 +0.000000
ft 7 +0.000000 +0.000000 +0.000000 +0.000000 +0.000000 +0.000000 +0.000000 +0.000000 +0.000000 +0.000000 +0.000000 +0.000000 +0.000000 +0.000000 +0.000000 +0.000000 +0.000000 +0.000000 +0.000000 +0.000000 +0.000000 +0.000000 +0.000000 +0.000000 +0.000000 +0.000000 +0.000000 +0.000000 +0.000000 +0.000000 +0.000000 +0.000000 +0.000000 +0.000000 +0.000000 +0.000000
sedge 

[body 14] 7
| local @x : int64
| @x <- 5
| local @p : int64*
| %.t0 <- &@x
| @p <- %.t0
| *%.t0 <- 99 [8]
| return @x
leaves %.t0
fp 0 none
fp 1 0000000000000005 0000000000000005 0000000000000005 0000000000000005 0000000000000005 0000000000000005 0000000000000005 0000000000000005
fp 2 none
fp 3 none
fp 4 0000000000000000 0000000000000001 0000000000000001 0000000000000003 0000000000000002 01e7b2bf2a054acc 93ecc02af5b815c1 5931e16bb1f46c98
fp 5 none
fp 6 none
ft 0 +0.000000 +0.000000 +0.000000 +0.000000 +0.000000 +0.000000 +0.000000 +0.000000 +0.000000 +0.000000 +0.000000 +0.000000 +0.000000 +0.000000 +0.000000 +0.000000 +0.000000 +0.000000 +0.000000 +0.000000 +0.000000 +0.000000 +0.000000 +0.000000 +0.000000 +0.000000 +0.000000 +0.000000 +0.000000 +0.000000 +0.000000 +0.000000 +0.000000 +0.000000 +0.000000 +0.000000
ft 1 +0.259120 +0.000000 -0.943364 -0.959893 -0.259120 +0.844723 +0.550235 +0.174958 -0.550235 +0.932781 +0.920301 +0.174958 +0.708360 +0.976204 -0.174958 +0.785916 +0.088159 +0.550235 +0.550235 -0.932781 +0.905617 -0.259120 -0.415253 +0.988196 -0.415253 +0.550235 +0.905617 +0.608859 -0.259120 -0.608859 +0.708360 +0.983231 +1.000000 +0.000000 +0.000000 +0.000000
ft 2 +0.000000 +0.000000 +0.000000 +0.000000 +0.000000 +0.000000 +0.000000 +0.000000 +0.000000 +0.000000 +0.000000 +0.000000 +0.000000 +0.000000 +0.000000 +0.000000 +0.000000 +0.000000 +0.000000 +0.000000 +0.000000 +0.000000 +0.000000 +0.000000 +0.000000 +0.000000 +0.000000 +0.000000 +0.000000 +0.000000 +0.000000 +0.000000 +0.000000 +0.000000 +0.000000 +0.000000
ft 3 +0.000000 +0.000000 +0.000000 +0.000000 +0.000000 +0.000000 +0.000000 +0.000000 +0.000000 +0.000000 +0.000000 +0.000000 +0.000000 +0.000000 +0.000000 +0.000000 +0.000000 +0.000000 +0.000000 +0.000000 +0.000000 +0.000000 +0.000000 +0.000000 +0.000000 +0.000000 +0.000000 +0.000000 +0.000000 +0.000000 +0.000000 +0.000000 +0.000000 +0.000000 +0.000000 +0.000000
ft 4 +0.174958 +0.415253 -0.749701 +0.415253 +0.888386 -0.415253 +0.785916 -0.415253 +0.174958 +0.708360 +0.088159 -0.550235 -0.088159 +0.785916 -0.817439 -0.415253 -0.844723 +0.485633 +0.920301 -0.844723 +0.959893 +0.608859 -0.174958 +0.943364 +0.000000 +0.708360 +0.000000 +0.088159 -0.943364 +0.088159 +0.550235 +0.920301 +0.000000 +1.000000 +0.000000 +0.000000
ft 5 +0.000000 +0.000000 +0.000000 +0.000000 +0.000000 +0.000000 +0.000000 +0.000000 +0.000000 +0.000000 +0.000000 +0.000000 +0.000000 +0.000000 +0.000000 +0.000000 +0.000000 +0.000000 +0.000000 +0.000000 +0.000000 +0.000000 +0.000000 +0.000000 +0.000000 +0.000000 +0.000000 +0.000000 +0.000000 +0.000000 +0.000000 +0.000000 +0.000000 +0.000000 +0.000000 +0.000000
ft 6 +0.000000 +0.000000 +0.000000 +0.000000 +0.000000 +0.000000 +0.000000 +0.000000 +0.000000 +0.000000 +0.000000 +0.000000 +0.000000 +0.000000 +0.000000 +0.000000 +0.000000 +0.000000 +0.000000 +0.000000 +0.000000 +0.000000 +0.000000 +0.000000 +0.000000 +0.000000 +0.000000 +0.000000 +0.000000 +0.000000 +0.000000 +0.000000 +0.000000 +0.000000 +0.000000 +0.000000
sedge 

[body 15] 12
| local @minv : int32
| @minv <- *@arr [4]
| local @maxv : int32
| @maxv <- *@arr [4]
| local @i : int64
| @i <- 1
| @minv = minmax_i32(arr=@arr, n=@n, max=@maxv)
| label ir_while_end_2
| %.t13 = (int64)@minv
| %.t14 = (int64)@maxv
| %.t15 = %.t13 + %.t14
| return %.t15
leaves %.t13 %.t14 @maxv @minv
fp 0 none
fp 1 none
fp 2 none
fp 3 none
fp 4 none
fp 5 0000000000000001 0000000000000001 0000000000000001 0000000000000001 0000000000000001 0000000000000001 0000000000000001 0000000000000001
fp 6 none
fp 7 none
fp 8 none
fp 9 none
fp 10 0000000000000000 0000000000000002 0000000000000002 0000000000000004 0000000000000004 bc61a34b5c379880 6daf198e00eba1b7 99806ab6f3534854
fp 11 none
ft 0 +0.000000 +0.000000 +0.000000 +0.000000 +0.000000 +0.000000 +0.000000 +0.000000 +0.000000 +0.000000 +0.000000 +0.000000 +0.000000 +0.000000 +0.000000 +0.000000 +0.000000 +0.000000 +0.000000 +0.000000 +0.000000 +0.000000 +0.000000 +0.000000 +0.000000 +0.000000 +0.000000 +0.000000 +0.000000 +0.000000 +0.000000 +0.000000 +0.000000 +0.000000 +0.000000 +0.000000
ft 1 +0.000000 +0.000000 +0.000000 +0.000000 +0.000000 +0.000000 +0.000000 +0.000000 +0.000000 +0.000000 +0.000000 +0.000000 +0.000000 +0.000000 +0.000000 +0.000000 +0.000000 +0.000000 +0.000000 +0.000000 +0.000000 +0.000000 +0.000000 +0.000000 +0.000000 +0.000000 +0.000000 +0.000000 +0.000000 +0.000000 +0.000000 +0.000000 +0.000000 +0.000000 +0.000000 +0.000000
ft 2 +0.000000 +0.000000 +0.000000 +0.000000 +0.000000 +0.000000 +0.000000 +0.000000 +0.000000 +0.000000 +0.000000 +0.000000 +0.000000 +0.000000 +0.000000 +0.000000 +0.000000 +0.000000 +0.000000 +0.000000 +0.000000 +0.000000 +0.000000 +0.000000 +0.000000 +0.000000 +0.000000 +0.000000 +0.000000 +0.000000 +0.000000 +0.000000 +0.000000 +0.000000 +0.000000 +0.000000
ft 3 +0.000000 +0.000000 +0.000000 +0.000000 +0.000000 +0.000000 +0.000000 +0.000000 +0.000000 +0.000000 +0.000000 +0.000000 +0.000000 +0.000000 +0.000000 +0.000000 +0.000000 +0.000000 +0.000000 +0.000000 +0.000000 +0.000000 +0.000000 +0.000000 +0.000000 +0.000000 +0.000000 +0.000000 +0.000000 +0.000000 +0.000000 +0.000000 +0.000000 +0.000000 +0.000000 +0.000000
ft 4 +0.000000 +0.000000 +0.000000 +0.000000 +0.000000 +0.000000 +0.000000 +0.000000 +0.000000 +0.000000 +0.000000 +0.000000 +0.000000 +0.000000 +0.000000 +0.000000 +0.000000 +0.000000 +0.000000 +0.000000 +0.000000 +0.000000 +0.000000 +0.000000 +0.000000 +0.000000 +0.000000 +0.000000 +0.000000 +0.000000 +0.000000 +0.000000 +0.000000 +0.000000 +0.000000 +0.000000
ft 5 +0.550235 +0.339523 -0.943364 -0.943364 +0.259120 +0.888386 +0.661511 -0.339523 -0.415253 +0.817439 +0.844723 +0.000000 +0.785916 +0.976204 -0.339523 +0.844723 +0.259120 +0.868225 +0.749701 -0.932781 +0.868225 -0.088159 -0.088159 +0.988196 -0.088159 +0.259120 +0.868225 +0.485633 -0.259120 -0.708360 +0.608859 +0.983231 +1.000000 +0.000000 +0.000000 +0.000000
ft 6 +0.000000 +0.000000 +0.000000 +0.000000 +0.000000 +0.000000 +0.000000 +0.000000 +0.000000 +0.000000 +0.000000 +0.000000 +0.000000 +0.000000 +0.000000 +0.000000 +0.000000 +0.000000 +0.000000 +0.000000 +0.000000 +0.000000 +0.000000 +0.000000 +0.000000 +0.000000 +0.000000 +0.000000 +0.000000 +0.000000 +0.000000 +0.000000 +0.000000 +0.000000 +0.000000 +0.000000
ft 7 +0.000000 +0.000000 +0.000000 +0.000000 +0.000000 +0.000000 +0.000000 +0.000000 +0.000000 +0.000000 +0.000000 +0.000000 +0.000000 +0.000000 +0.000000 +0.000000 +0.000000 +0.000000 +0.000000 +0.000000 +0.000000 +0.000000 +0.000000 +0.000000 +0.000000 +0.000000 +0.000000 +0.000000 +0.000000 +0.000000 +0.000000 +0.000000 +0.000000 +0.000000 +0.000000 +0.000000
ft 8 +0.000000 +0.000000 +0.000000 +0.000000 +0.000000 +0.000000 +0.000000 +0.000000 +0.000000 +0.000000 +0.000000 +0.000000 +0.000000 +0.000000 +0.000000 +0.000000 +0.000000 +0.000000 +0.000000 +0.000000 +0.000000 +0.000000 +0.000000 +0.000000 +0.000000 +0.000000 +0.000000 +0.000000 +0.000000 +0.000000 +0.000000 +0.000000 +0.000000 +0.000000 +0.000000 +0.000000
ft 9 +0.000000 +0.000000 +0.000000 +0.000000 +0.000000 +0.000000 +0.000000 +0.000000 +0.000000 +0.000000 +0.000000 +0.000000 +0.000000 +0.000000 +0.000000 +0.000000 +0.000000 +0.000000 +0.000000 +0.000000 +0.000000 +0.000000 +0.000000 +0.000000 +0.000000 +0.000000 +0.000000 +0.000000 +0.000000 +0.000000 +0.000000 +0.000000 +0.000000 +0.000000 +0.000000 +0.000000
ft 10 +0.000000 -0.868225 -0.817439 +0.259120 -0.174958 +0.415253 +0.844723 -0.550235 -0.708360 +0.971668 -0.088159 -0.088159 +0.415253 +0.844723 -0.550235 +0.905617 +0.608859 +0.608859 -0.608859 +0.174958 +0.920301 -0.174958 +0.785916 +0.785916 +0.608859 +0.708360 +0.339523 +0.550235 -0.339523 -0.259120 +0.550235 +0.959893 +0.000000 +0.000000 +0.000000 +0.000000
ft 11 +0.000000 +0.000000 +0.000000 +0.000000 +0.000000 +0.000000 +0.000000 +0.000000 +0.000000 +0.000000 +0.000000 +0.000000 +0.000000 +0.000000 +0.000000 +0.000000 +0.000000 +0.000000 +0.000000 +0.000000 +0.000000 +0.000000 +0.000000 +0.000000 +0.000000 +0.000000 +0.000000 +0.000000 +0.000000 +0.000000 +0.000000 +0.000000 +0.000000 +0.000000 +0.000000 +0.000000
sedge 

[body 16] 5
| local @i : int64
| @i <- 0
| @a = simd_affine_map_f32(src=@a, dst=@a, len=@n, a=0.000000, b=2.000000, c=5.000000)
| label ir_errdefer_ok_32
| return _
leaves @a
fp 0 none
fp 1 0000000000000000 0000000000000000 0000000000000000 0000000000000000 0000000000000000 0000000000000000 0000000000000000 0000000000000000
fp 2 none
fp 3 none
fp 4 none
ft 0 +0.000000 +0.000000 +0.000000 +0.000000 +0.000000 +0.000000 +0.000000 +0.000000 +0.000000 +0.000000 +0.000000 +0.000000 +0.000000 +0.000000 +0.000000 +0.000000 +0.000000 +0.000000 +0.000000 +0.000000 +0.000000 +0.000000 +0.000000 +0.000000 +0.000000 +0.000000 +0.000000 +0.000000 +0.000000 +0.000000 +0.000000 +0.000000 +0.000000 +0.000000 +0.000000 +0.000000
ft 1 +0.550235 +0.339523 -0.959893 -0.844723 +0.415253 +0.844723 +0.550235 -0.485633 -0.088159 +0.868225 +0.844723 +0.000000 +0.844723 +0.983231 -0.174958 +0.844723 +0.088159 +0.817439 +0.868225 -0.952322 +0.868225 +0.259120 -0.415253 +0.991697 +0.088159 +0.415253 +0.905617 +0.785916 -0.415253 -0.608859 +0.339523 +0.966282 +1.000000 +0.000000 +1.000000 +0.000000
ft 2 +0.000000 +0.000000 +0.000000 +0.000000 +0.000000 +0.000000 +0.000000 +0.000000 +0.000000 +0.000000 +0.000000 +0.000000 +0.000000 +0.000000 +0.000000 +0.000000 +0.000000 +0.000000 +0.000000 +0.000000 +0.000000 +0.000000 +0.000000 +0.000000 +0.000000 +0.000000 +0.000000 +0.000000 +0.000000 +0.000000 +0.000000 +0.000000 +0.000000 +0.000000 +0.000000 +0.000000
ft 3 +0.000000 +0.000000 +0.000000 +0.000000 +0.000000 +0.000000 +0.000000 +0.000000 +0.000000 +0.000000 +0.000000 +0.000000 +0.000000 +0.000000 +0.000000 +0.000000 +0.000000 +0.000000 +0.000000 +0.000000 +0.000000 +0.000000 +0.000000 +0.000000 +0.000000 +0.000000 +0.000000 +0.000000 +0.000000 +0.000000 +0.000000 +0.000000 +0.000000 +0.000000 +0.000000 +0.000000
ft 4 +0.000000 +0.000000 +0.000000 +0.000000 +0.000000 +0.000000 +0.000000 +0.000000 +0.000000 +0.000000 +0.000000 +0.000000 +0.000000 +0.000000 +0.000000 +0.000000 +0.000000 +0.000000 +0.000000 +0.000000 +0.000000 +0.000000 +0.000000 +0.000000 +0.000000 +0.000000 +0.000000 +0.000000 +0.000000 +0.000000 +0.000000 +0.000000 +0.000000 +0.000000 +0.000000 +0.000000
sedge 

[body 17] 5
| local @i : int64
| @i <- 0
| @a = simd_affine_map_f32(src=@a, dst=@a, len=@n, a=0.000000, b=2.000000, c=4.000000)
| label ir_errdefer_ok_34
| return _
leaves @a
fp 0 none
fp 1 0000000000000000 0000000000000000 0000000000000000 0000000000000000 0000000000000000 0000000000000000 0000000000000000 0000000000000000
fp 2 none
fp 3 none
fp 4 none
ft 0 +0.000000 +0.000000 +0.000000 +0.000000 +0.000000 +0.000000 +0.000000 +0.000000 +0.000000 +0.000000 +0.000000 +0.000000 +0.000000 +0.000000 +0.000000 +0.000000 +0.000000 +0.000000 +0.000000 +0.000000 +0.000000 +0.000000 +0.000000 +0.000000 +0.000000 +0.000000 +0.000000 +0.000000 +0.000000 +0.000000 +0.000000 +0.000000 +0.000000 +0.000000 +0.000000 +0.000000
ft 1 +0.550235 +0.339523 -0.959893 -0.844723 +0.415253 +0.844723 +0.550235 -0.485633 -0.088159 +0.868225 +0.844723 +0.000000 +0.844723 +0.983231 -0.174958 +0.844723 +0.088159 +0.817439 +0.868225 -0.952322 +0.868225 +0.259120 -0.415253 +0.991697 +0.088159 +0.415253 +0.905617 +0.785916 -0.415253 -0.608859 +0.339523 +0.966282 +1.000000 +0.000000 +1.000000 +0.000000
ft 2 +0.000000 +0.000000 +0.000000 +0.000000 +0.000000 +0.000000 +0.000000 +0.000000 +0.000000 +0.000000 +0.000000 +0.000000 +0.000000 +0.000000 +0.000000 +0.000000 +0.000000 +0.000000 +0.000000 +0.000000 +0.000000 +0.000000 +0.000000 +0.000000 +0.000000 +0.000000 +0.000000 +0.000000 +0.000000 +0.000000 +0.000000 +0.000000 +0.000000 +0.000000 +0.000000 +0.000000
ft 3 +0.000000 +0.000000 +0.000000 +0.000000 +0.000000 +0.000000 +0.000000 +0.000000 +0.000000 +0.000000 +0.000000 +0.000000 +0.000000 +0.000000 +0.000000 +0.000000 +0.000000 +0.000000 +0.000000 +0.000000 +0.000000 +0.000000 +0.000000 +0.000000 +0.000000 +0.000000 +0.000000 +0.000000 +0.000000 +0.000000 +0.000000 +0.000000 +0.000000 +0.000000 +0.000000 +0.000000
ft 4 +0.000000 +0.000000 +0.000000 +0.000000 +0.000000 +0.000000 +0.000000 +0.000000 +0.000000 +0.000000 +0.000000 +0.000000 +0.000000 +0.000000 +0.000000 +0.000000 +0.000000 +0.000000 +0.000000 +0.000000 +0.000000 +0.000000 +0.000000 +0.000000 +0.000000 +0.000000 +0.000000 +0.000000 +0.000000 +0.000000 +0.000000 +0.000000 +0.000000 +0.000000 +0.000000 +0.000000
sedge 

[body 18] 9
| %.t33 <- &@s
| %.t35 <- *%.t33 [4]
| %.t36 = (int64)%.t35
| %.t38 = %.t33 + 4
| %.t39 <- *%.t38 [1]
| %.t40 = (int64)%.t39
| %.t41 = %.t36 + %.t40
| %.t42 = %.t41 & 1099511627775
| return %.t42
leaves %.t33 %.t35 %.t36 %.t39 %.t40
fp 0 none
fp 1 none
fp 2 none
fp 3 0000000000000004 0000000000000005 0000000000000005 0000000000000007 0000000000000007 5d4bbc1b0c83c50b fa8b2221966b0011 ced0d00cca63782b
fp 4 none
fp 5 none
fp 6 0000000000000000 0000000000000002 0000000000000001 0000000000000001 0000000000000005 af9bcd8ba1c55c1b 20422f830a8fb73d d1c14265e30d0ccf
fp 7 0000000000000000 0000000000000002 0000000000000001 0000000000000001 0000000000000005 0000008ba1c55c1b 000000830a8fb73d 00000065e30d0ccf
fp 8 none
ft 0 +0.000000 +0.000000 +0.000000 +0.000000 +0.000000 +0.000000 +0.000000 +0.000000 +0.000000 +0.000000 +0.000000 +0.000000 +0.000000 +0.000000 +0.000000 +0.000000 +0.000000 +0.000000 +0.000000 +0.000000 +0.000000 +0.000000 +0.000000 +0.000000 +0.000000 +0.000000 +0.000000 +0.000000 +0.000000 +0.000000 +0.000000 +0.000000 +0.000000 +0.000000 +0.000000 +0.000000
ft 1 +0.000000 +0.000000 +0.000000 +0.000000 +0.000000 +0.000000 +0.000000 +0.000000 +0.000000 +0.000000 +0.000000 +0.000000 +0.000000 +0.000000 +0.000000 +0.000000 +0.000000 +0.000000 +0.000000 +0.000000 +0.000000 +0.000000 +0.000000 +0.000000 +0.000000 +0.000000 +0.000000 +0.000000 +0.000000 +0.000000 +0.000000 +0.000000 +0.000000 +0.000000 +0.000000 +0.000000
ft 2 +0.000000 +0.000000 +0.000000 +0.000000 +0.000000 +0.000000 +0.000000 +0.000000 +0.000000 +0.000000 +0.000000 +0.000000 +0.000000 +0.000000 +0.000000 +0.000000 +0.000000 +0.000000 +0.000000 +0.000000 +0.000000 +0.000000 +0.000000 +0.000000 +0.000000 +0.000000 +0.000000 +0.000000 +0.000000 +0.000000 +0.000000 +0.000000 +0.000000 +0.000000 +0.000000 +0.000000
ft 3 +0.174958 +0.259120 -0.905617 -0.661511 +0.174958 -0.259120 +0.174958 -0.550235 +0.844723 +0.888386 +0.983231 -0.550235 -0.550235 +0.844723 -0.749701 +0.905617 +0.708360 +0.785916 +0.174958 -0.339523 +0.708360 +0.174958 +0.174958 +0.980021 +0.174958 +0.943364 +0.339523 -0.550235 -0.888386 -0.259120 -0.088159 +0.971668 +0.000000 +0.000000 +0.000000 +0.000000
ft 4 +0.000000 +0.000000 +0.000000 +0.000000 +0.000000 +0.000000 +0.000000 +0.000000 +0.000000 +0.000000 +0.000000 +0.000000 +0.000000 +0.000000 +0.000000 +0.000000 +0.000000 +0.000000 +0.000000 +0.000000 +0.000000 +0.000000 +0.000000 +0.000000 +0.000000 +0.000000 +0.000000 +0.000000 +0.000000 +0.000000 +0.000000 +0.000000 +0.000000 +0.000000 +0.000000 +0.000000
ft 5 +0.000000 +0.000000 +0.000000 +0.000000 +0.000000 +0.000000 +0.000000 +0.000000 +0.000000 +0.000000 +0.000000 +0.000000 +0.000000 +0.000000 +0.000000 +0.000000 +0.000000 +0.000000 +0.000000 +0.000000 +0.000000 +0.000000 +0.000000 +0.000000 +0.000000 +0.000000 +0.000000 +0.000000 +0.000000 +0.000000 +0.000000 +0.000000 +0.000000 +0.000000 +0.000000 +0.000000
ft 6 +0.749701 -0.174958 -0.785916 -0.485633 +0.868225 +0.000000 +0.259120 -0.608859 -0.817439 +0.550235 +0.844723 +0.000000 +0.000000 +0.868225 +0.000000 +0.844723 +0.415253 +0.088159 -0.259120 +0.415253 +0.868225 +0.088159 -0.749701 +0.415253 +0.868225 +0.661511 +0.415253 +0.888386 -0.749701 -0.339523 +0.339523 +0.966282 +0.000000 +0.000000 +0.000000 +0.000000
ft 7 +0.888386 +0.817439 -0.749701 -0.415253 +0.608859 +0.415253 +0.339523 -0.661511 -0.844723 +0.485633 +0.749701 -0.415253 +0.550235 +0.844723 -0.088159 +0.817439 +0.608859 +0.339523 -0.174958 -0.339523 +0.785916 -0.608859 -0.785916 +0.888386 +0.785916 +0.785916 +0.785916 +0.905617 -0.485633 -0.550235 -0.259120 +0.959893 +0.000000 +0.000000 +0.000000 +0.000000
ft 8 +0.000000 +0.000000 +0.000000 +0.000000 +0.000000 +0.000000 +0.000000 +0.000000 +0.000000 +0.000000 +0.000000 +0.000000 +0.000000 +0.000000 +0.000000 +0.000000 +0.000000 +0.000000 +0.000000 +0.000000 +0.000000 +0.000000 +0.000000 +0.000000 +0.000000 +0.000000 +0.000000 +0.000000 +0.000000 +0.000000 +0.000000 +0.000000 +0.000000 +0.000000 +0.000000 +0.000000
sedge 

[body 19] 3
| %.t41 = @x * (float) 1.000000
| %.t42 = %.t41 + (float) 6.000000
| return %.t42
leaves %.t41 %.t42
fp 0 none
fp 1 none
fp 2 none
ft 0 +0.000000 +0.000000 +0.000000 +0.000000 +0.000000 +0.000000 +0.000000 +0.000000 +0.000000 +0.000000 +0.000000 +0.000000 +0.000000 +0.000000 +0.000000 +0.000000 +0.000000 +0.000000 +0.000000 +0.000000 +0.000000 +0.000000 +0.000000 +0.000000 +0.000000 +0.000000 +0.000000 +0.000000 +0.000000 +0.000000 +0.000000 +0.000000 +0.000000 +0.000000 +0.000000 +0.000000
ft 1 +0.000000 +0.000000 +0.000000 +0.000000 +0.000000 +0.000000 +0.000000 +0.000000 +0.000000 +0.000000 +0.000000 +0.000000 +0.000000 +0.000000 +0.000000 +0.000000 +0.000000 +0.000000 +0.000000 +0.000000 +0.000000 +0.000000 +0.000000 +0.000000 +0.000000 +0.000000 +0.000000 +0.000000 +0.000000 +0.000000 +0.000000 +0.000000 +0.000000 +0.000000 +0.000000 +0.000000
ft 2 +0.000000 +0.000000 +0.000000 +0.000000 +0.000000 +0.000000 +0.000000 +0.000000 +0.000000 +0.000000 +0.000000 +0.000000 +0.000000 +0.000000 +0.000000 +0.000000 +0.000000 +0.000000 +0.000000 +0.000000 +0.000000 +0.000000 +0.000000 +0.000000 +0.000000 +0.000000 +0.000000 +0.000000 +0.000000 +0.000000 +0.000000 +0.000000 +0.000000 +0.000000 +0.000000 +0.000000
sedge 

[body 20] 3
| %__inl_3_tmp_.t55 = __acrt_iob_func(2)
| %.t57 = fputs(@msg, %__inl_3_tmp_.t55)
| return _
leaves %.t57 %__inl_3_tmp_.t55
fp 0 none
fp 1 none
fp 2 none
ft 0 +0.000000 +0.000000 +0.000000 +0.000000 +0.000000 +0.000000 +0.000000 +0.000000 +0.000000 +0.000000 +0.000000 +0.000000 +0.000000 +0.000000 +0.000000 +0.000000 +0.000000 +0.000000 +0.000000 +0.000000 +0.000000 +0.000000 +0.000000 +0.000000 +0.000000 +0.000000 +0.000000 +0.000000 +0.000000 +0.000000 +0.000000 +0.000000 +0.000000 +0.000000 +0.000000 +0.000000
ft 1 +0.000000 +0.000000 +0.000000 +0.000000 +0.000000 +0.000000 +0.000000 +0.000000 +0.000000 +0.000000 +0.000000 +0.000000 +0.000000 +0.000000 +0.000000 +0.000000 +0.000000 +0.000000 +0.000000 +0.000000 +0.000000 +0.000000 +0.000000 +0.000000 +0.000000 +0.000000 +0.000000 +0.000000 +0.000000 +0.000000 +0.000000 +0.000000 +0.000000 +0.000000 +0.000000 +0.000000
ft 2 +0.000000 +0.000000 +0.000000 +0.000000 +0.000000 +0.000000 +0.000000 +0.000000 +0.000000 +0.000000 +0.000000 +0.000000 +0.000000 +0.000000 +0.000000 +0.000000 +0.000000 +0.000000 +0.000000 +0.000000 +0.000000 +0.000000 +0.000000 +0.000000 +0.000000 +0.000000 +0.000000 +0.000000 +0.000000 +0.000000 +0.000000 +0.000000 +0.000000 +0.000000 +0.000000 +0.000000
sedge 

[body 21] 14
| tensor_mma x1 residency.loop.start#1 m16n16k32 fmt(6,7,4,4) layout(1,2,1,1) ld(0,0,0,0) packing(0,0) sparsity(0) scale(0:0:0,0:0:0)
| local @inner : int32
| @inner <- 32
| label ir_while_10
| %.t3 = @inner < @k
| branch_zero %.t3 -> __mtlc_tensor_commit_1
| %.t4 = @a + @inner
| %.t5 = @b + @inner
| tensor_mma x1 residency.loop.update#1 m16n16k32 fmt(6,7,4,4) layout(1,2,1,1) ld(0,0,0,0) packing(0,0) sparsity(0) scale(0:0:0,0:0:0)
| @inner = @inner + 32
| jump ir_while_10
| label __mtlc_tensor_commit_1
| tensor_commit residency.loop.commit#1 m16n16k32
| return _
leaves @a @b @inner @k
fp 0 none
fp 1 none
fp 2 none
fp 3 none
fp 4 0000000000000000 0000000000000000 0000000000000001 0000000000000000 0000000000000000 0000000000000001 0000000000000001 0000000000000000
fp 5 none
fp 6 0000000000000000 0000000000000002 0000000000000000 0000000000000002 0000000000000004 afae8d7f773a121d ad961cd9c455e8a6 d318995533d8a8dd
fp 7 0000000000000000 0000000000000002 0000000000000001 0000000000000001 0000000000000004 80010279f06b9e27 c13378b377507186 4343da1650c7fd32
fp 8 none
fp 9 none
fp 10 none
fp 11 none
fp 12 none
fp 13 none
ft 0 +0.000000 +0.000000 +0.000000 +0.000000 +0.000000 +0.000000 +0.000000 +0.000000 +0.000000 +0.000000 +0.000000 +0.000000 +0.000000 +0.000000 +0.000000 +0.000000 +0.000000 +0.000000 +0.000000 +0.000000 +0.000000 +0.000000 +0.000000 +0.000000 +0.000000 +0.000000 +0.000000 +0.000000 +0.000000 +0.000000 +0.000000 +0.000000 +0.000000 +0.000000 +0.000000 +0.000000
ft 1 +0.000000 +0.000000 +0.000000 +0.000000 +0.000000 +0.000000 +0.000000 +0.000000 +0.000000 +0.000000 +0.000000 +0.000000 +0.000000 +0.000000 +0.000000 +0.000000 +0.000000 +0.000000 +0.000000 +0.000000 +0.000000 +0.000000 +0.000000 +0.000000 +0.000000 +0.000000 +0.000000 +0.000000 +0.000000 +0.000000 +0.000000 +0.000000 +0.000000 +0.000000 +0.000000 +0.000000
ft 2 +0.000000 +0.000000 +0.000000 +0.000000 +0.000000 +0.000000 +0.000000 +0.000000 +0.000000 +0.000000 +0.000000 +0.000000 +0.000000 +0.000000 +0.000000 +0.000000 +0.000000 +0.000000 +0.000000 +0.000000 +0.000000 +0.000000 +0.000000 +0.000000 +0.000000 +0.000000 +0.000000 +0.000000 +0.000000 +0.000000 +0.000000 +0.000000 +0.000000 +0.000000 +0.000000 +0.000000
ft 3 +0.000000 +0.000000 +0.000000 +0.000000 +0.000000 +0.000000 +0.000000 +0.000000 +0.000000 +0.000000 +0.000000 +0.000000 +0.000000 +0.000000 +0.000000 +0.000000 +0.000000 +0.000000 +0.000000 +0.000000 +0.000000 +0.000000 +0.000000 +0.000000 +0.000000 +0.000000 +0.000000 +0.000000 +0.000000 +0.000000 +0.000000 +0.000000 +0.000000 +0.000000 +0.000000 +0.000000
ft 4 +0.608859 +0.259120 -0.966282 -0.905617 +0.174958 +0.905617 +0.608859 -0.550235 -0.174958 +0.844723 +0.868225 -0.259120 +0.817439 +0.980021 +0.088159 +0.817439 +0.174958 +0.785916 +0.844723 -0.943364 +0.888386 +0.000000 -0.339523 +0.990099 +0.174958 +0.485633 +0.888386 +0.661511 -0.485633 -0.661511 +0.415253 +0.980021 +0.000000 +0.000000 +0.000000 +0.000000
ft 5 +0.000000 +0.000000 +0.000000 +0.000000 +0.000000 +0.000000 +0.000000 +0.000000 +0.000000 +0.000000 +0.000000 +0.000000 +0.000000 +0.000000 +0.000000 +0.000000 +0.000000 +0.000000 +0.000000 +0.000000 +0.000000 +0.000000 +0.000000 +0.000000 +0.000000 +0.000000 +0.000000 +0.000000 +0.000000 +0.000000 +0.000000 +0.000000 +0.000000 +0.000000 +0.000000 +0.000000
ft 6 +0.339523 -0.868225 -0.817439 +0.415253 +0.000000 -0.415253 +0.844723 -0.415253 -0.708360 +0.888386 +0.661511 +0.868225 +0.259120 +0.943364 -0.966282 +0.415253 +0.785916 +0.339523 +0.339523 +0.608859 +0.920301 +0.485633 +0.000000 +0.844723 -0.485633 +0.339523 +0.708360 +0.661511 -0.785916 -0.550235 +0.415253 +0.959893 +0.000000 +0.000000 +0.000000 +0.000000
ft 7 -0.415253 +0.339523 -0.339523 -0.785916 +0.749701 -0.920301 +0.088159 -0.174958 -0.952322 +0.966282 +0.339523 -0.339523 -0.785916 +0.983231 -0.174958 +0.708360 -0.415253 +0.905617 -0.661511 +0.088159 +0.817439 +0.259120 -0.817439 +0.749701 +0.415253 +0.817439 +0.415253 +0.785916 -0.661511 +0.339523 +0.844723 +0.905617 +0.000000 +0.000000 +0.000000 +0.000000
ft 8 +0.000000 +0.000000 +0.000000 +0.000000 +0.000000 +0.000000 +0.000000 +0.000000 +0.000000 +0.000000 +0.000000 +0.000000 +0.000000 +0.000000 +0.000000 +0.000000 +0.000000 +0.000000 +0.000000 +0.000000 +0.000000 +0.000000 +0.000000 +0.000000 +0.000000 +0.000000 +0.000000 +0.000000 +0.000000 +0.000000 +0.000000 +0.000000 +0.000000 +0.000000 +0.000000 +0.000000
ft 9 +0.000000 +0.000000 +0.000000 +0.000000 +0.000000 +0.000000 +0.000000 +0.000000 +0.000000 +0.000000 +0.000000 +0.000000 +0.000000 +0.000000 +0.000000 +0.000000 +0.000000 +0.000000 +0.000000 +0.000000 +0.000000 +0.000000 +0.000000 +0.000000 +0.000000 +0.000000 +0.000000 +0.000000 +0.000000 +0.000000 +0.000000 +0.000000 +0.000000 +0.000000 +0.000000 +0.000000
ft 10 +0.000000 +0.000000 +0.000000 +0.000000 +0.000000 +0.000000 +0.000000 +0.000000 +0.000000 +0.000000 +0.000000 +0.000000 +0.000000 +0.000000 +0.000000 +0.000000 +0.000000 +0.000000 +0.000000 +0.000000 +0.000000 +0.000000 +0.000000 +0.000000 +0.000000 +0.000000 +0.000000 +0.000000 +0.000000 +0.000000 +0.000000 +0.000000 +0.000000 +0.000000 +0.000000 +0.000000
ft 11 +0.000000 +0.000000 +0.000000 +0.000000 +0.000000 +0.000000 +0.000000 +0.000000 +0.000000 +0.000000 +0.000000 +0.000000 +0.000000 +0.000000 +0.000000 +0.000000 +0.000000 +0.000000 +0.000000 +0.000000 +0.000000 +0.000000 +0.000000 +0.000000 +0.000000 +0.000000 +0.000000 +0.000000 +0.000000 +0.000000 +0.000000 +0.000000 +0.000000 +0.000000 +0.000000 +0.000000
ft 12 +0.000000 +0.000000 +0.000000 +0.000000 +0.000000 +0.000000 +0.000000 +0.000000 +0.000000 +0.000000 +0.000000 +0.000000 +0.000000 +0.000000 +0.000000 +0.000000 +0.000000 +0.000000 +0.000000 +0.000000 +0.000000 +0.000000 +0.000000 +0.000000 +0.000000 +0.000000 +0.000000 +0.000000 +0.000000 +0.000000 +0.000000 +0.000000 +0.000000 +0.000000 +0.000000 +0.000000
ft 13 +0.000000 +0.000000 +0.000000 +0.000000 +0.000000 +0.000000 +0.000000 +0.000000 +0.000000 +0.000000 +0.000000 +0.000000 +0.000000 +0.000000 +0.000000 +0.000000 +0.000000 +0.000000 +0.000000 +0.000000 +0.000000 +0.000000 +0.000000 +0.000000 +0.000000 +0.000000 +0.000000 +0.000000 +0.000000 +0.000000 +0.000000 +0.000000 +0.000000 +0.000000 +0.000000 +0.000000
sedge 

[body 22] 4
| %.t6 = @a * (float) @b
| %.t7 = %.t6 + (float) @c
| %.t8 = %.t7 - (float) @d
| return %.t8
leaves %.t6 %.t7 %.t8
fp 0 none
fp 1 none
fp 2 none
fp 3 none
ft 0 +0.000000 +0.000000 +0.000000 +0.000000 +0.000000 +0.000000 +0.000000 +0.000000 +0.000000 +0.000000 +0.000000 +0.000000 +0.000000 +0.000000 +0.000000 +0.000000 +0.000000 +0.000000 +0.000000 +0.000000 +0.000000 +0.000000 +0.000000 +0.000000 +0.000000 +0.000000 +0.000000 +0.000000 +0.000000 +0.000000 +0.000000 +0.000000 +0.000000 +0.000000 +0.000000 +0.000000
ft 1 +0.000000 +0.000000 +0.000000 +0.000000 +0.000000 +0.000000 +0.000000 +0.000000 +0.000000 +0.000000 +0.000000 +0.000000 +0.000000 +0.000000 +0.000000 +0.000000 +0.000000 +0.000000 +0.000000 +0.000000 +0.000000 +0.000000 +0.000000 +0.000000 +0.000000 +0.000000 +0.000000 +0.000000 +0.000000 +0.000000 +0.000000 +0.000000 +0.000000 +0.000000 +0.000000 +0.000000
ft 2 +0.000000 +0.000000 +0.000000 +0.000000 +0.000000 +0.000000 +0.000000 +0.000000 +0.000000 +0.000000 +0.000000 +0.000000 +0.000000 +0.000000 +0.000000 +0.000000 +0.000000 +0.000000 +0.000000 +0.000000 +0.000000 +0.000000 +0.000000 +0.000000 +0.000000 +0.000000 +0.000000 +0.000000 +0.000000 +0.000000 +0.000000 +0.000000 +0.000000 +0.000000 +0.000000 +0.000000
ft 3 +0.000000 +0.000000 +0.000000 +0.000000 +0.000000 +0.000000 +0.000000 +0.000000 +0.000000 +0.000000 +0.000000 +0.000000 +0.000000 +0.000000 +0.000000 +0.000000 +0.000000 +0.000000 +0.000000 +0.000000 +0.000000 +0.000000 +0.000000 +0.000000 +0.000000 +0.000000 +0.000000 +0.000000 +0.000000 +0.000000 +0.000000 +0.000000 +0.000000 +0.000000 +0.000000 +0.000000
sedge 

[body 23] 3
| %.t58 = @x * (float) 3.000000
| %.t59 = %.t58 + (float) 9.000000
| return %.t59
leaves %.t58 %.t59
fp 0 none
fp 1 none
fp 2 none
ft 0 +0.000000 +0.000000 +0.000000 +0.000000 +0.000000 +0.000000 +0.000000 +0.000000 +0.000000 +0.000000 +0.000000 +0.000000 +0.000000 +0.000000 +0.000000 +0.000000 +0.000000 +0.000000 +0.000000 +0.000000 +0.000000 +0.000000 +0.000000 +0.000000 +0.000000 +0.000000 +0.000000 +0.000000 +0.000000 +0.000000 +0.000000 +0.000000 +0.000000 +0.000000 +0.000000 +0.000000
ft 1 +0.000000 +0.000000 +0.000000 +0.000000 +0.000000 +0.000000 +0.000000 +0.000000 +0.000000 +0.000000 +0.000000 +0.000000 +0.000000 +0.000000 +0.000000 +0.000000 +0.000000 +0.000000 +0.000000 +0.000000 +0.000000 +0.000000 +0.000000 +0.000000 +0.000000 +0.000000 +0.000000 +0.000000 +0.000000 +0.000000 +0.000000 +0.000000 +0.000000 +0.000000 +0.000000 +0.000000
ft 2 +0.000000 +0.000000 +0.000000 +0.000000 +0.000000 +0.000000 +0.000000 +0.000000 +0.000000 +0.000000 +0.000000 +0.000000 +0.000000 +0.000000 +0.000000 +0.000000 +0.000000 +0.000000 +0.000000 +0.000000 +0.000000 +0.000000 +0.000000 +0.000000 +0.000000 +0.000000 +0.000000 +0.000000 +0.000000 +0.000000 +0.000000 +0.000000 +0.000000 +0.000000 +0.000000 +0.000000
sedge 

[body 24] 19
| %.t2215 <- *@val [8]
| %.t2216 = %.t2215 == 0
| branch_zero %.t2216 -> ir_if_next_1274
| return 1
| label ir_if_next_1274
| %.t2221 <- *@val [8]
| %.t2222 = %.t2221 == 1
| branch_zero %.t2222 -> ir_if_next_1278
| return 9
| label ir_if_next_1278
| %.t2228 <- *@val [8]
| %.t2229 = %.t2228 == 2
| branch_zero %.t2229 -> ir_errdefer_end_1286
| %.t2234 = @val + 24
| %.t2235 <- *%.t2234 [4]
| %.t2236 = 5 + %.t2235
| return %.t2236
| label ir_errdefer_end_1286
| return 1
leaves %.t2215 %.t2221 %.t2228 %.t2235 @val
fp 0 none
fp 1 0000000000000001 0000000000000000 0000000000000001 0000000000000001 0000000000000000 0000000000000000 0000000000000000 0000000000000000
fp 2 none
fp 3 none
fp 4 none
fp 5 none
fp 6 0000000000000000 0000000000000001 0000000000000001 0000000000000000 0000000000000000 0000000000000000 0000000000000000 0000000000000000
fp 7 none
fp 8 none
fp 9 none
fp 10 none
fp 11 0000000000000000 0000000000000000 0000000000000001 0000000000000001 0000000000000001 0000000000000000 0000000000000000 0000000000000000
fp 12 none
fp 13 0000000000000018 0000000000000019 0000000000000018 000000000000001b 0000000000000018 b11de56271f2809a 874adddade5251dd dea79d5c16ccba99
fp 14 none
fp 15 0000000000000005 0000000000000006 0000000000000005 0000000000000007 0000000000000005 fcdc27e4cdbe4201 9529adb66588f714 ca0e2e1d9f2feac1
fp 16 none
fp 17 none
fp 18 none
ft 0 +0.000000 +0.000000 +0.000000 +0.000000 +0.000000 +0.000000 +0.000000 +0.000000 +0.000000 +0.000000 +0.000000 +0.000000 +0.000000 +0.000000 +0.000000 +0.000000 +0.000000 +0.000000 +0.000000 +0.000000 +0.000000 +0.000000 +0.000000 +0.000000 +0.000000 +0.000000 +0.000000 +0.000000 +0.000000 +0.000000 +0.000000 +0.000000 +0.000000 +0.000000 +0.000000 +0.000000
ft 1 +0.608859 +0.415253 -0.952322 -0.905617 +0.339523 +0.817439 +0.608859 -0.550235 -0.174958 +0.844723 +0.817439 -0.088159 +0.749701 +0.980021 -0.259120 +0.817439 +0.174958 +0.785916 +0.844723 -0.959893 +0.888386 +0.174958 -0.339523 +0.990099 -0.174958 +0.485633 +0.844723 +0.749701 -0.339523 -0.415253 +0.415253 +0.980021 +0.000000 +0.000000 +0.000000 +0.000000
ft 2 +0.000000 +0.000000 +0.000000 +0.000000 +0.000000 +0.000000 +0.000000 +0.000000 +0.000000 +0.000000 +0.000000 +0.000000 +0.000000 +0.000000 +0.000000 +0.000000 +0.000000 +0.000000 +0.000000 +0.000000 +0.000000 +0.000000 +0.000000 +0.000000 +0.000000 +0.000000 +0.000000 +0.000000 +0.000000 +0.000000 +0.000000 +0.000000 +0.000000 +0.000000 +0.000000 +0.000000
ft 3 +0.000000 +0.000000 +0.000000 +0.000000 +0.000000 +0.000000 +0.000000 +0.000000 +0.000000 +0.000000 +0.000000 +0.000000 +0.000000 +0.000000 +0.000000 +0.000000 +0.000000 +0.000000 +0.000000 +0.000000 +0.000000 +0.000000 +0.000000 +0.000000 +0.000000 +0.000000 +0.000000 +0.000000 +0.000000 +0.000000 +0.000000 +0.000000 +0.000000 +0.000000 +0.000000 +0.000000
ft 4 +0.000000 +0.000000 +0.000000 +0.000000 +0.000000 +0.000000 +0.000000 +0.000000 +0.000000 +0.000000 +0.000000 +0.000000 +0.000000 +0.000000 +0.000000 +0.000000 +0.000000 +0.000000 +0.000000 +0.000000 +0.000000 +0.000000 +0.000000 +0.000000 +0.000000 +0.000000 +0.000000 +0.000000 +0.000000 +0.000000 +0.000000 +0.000000 +0.000000 +0.000000 +0.000000 +0.000000
ft 5 +0.000000 +0.000000 +0.000000 +0.000000 +0.000000 +0.000000 +0.000000 +0.000000 +0.000000 +0.000000 +0.000000 +0.000000 +0.000000 +0.000000 +0.000000 +0.000000 +0.000000 +0.000000 +0.000000 +0.000000 +0.000000 +0.000000 +0.000000 +0.000000 +0.000000 +0.000000 +0.000000 +0.000000 +0.000000 +0.000000 +0.000000 +0.000000 +0.000000 +0.000000 +0.000000 +0.000000
ft 6 +0.550235 +0.339523 -0.971668 -0.844723 +0.415253 +0.888386 +0.661511 -0.485633 -0.088159 +0.817439 +0.844723 +0.000000 +0.785916 +0.976204 -0.174958 +0.844723 -0.088159 +0.817439 +0.868225 -0.966282 +0.905617 +0.088159 -0.259120 +0.988196 -0.088159 +0.415253 +0.905617 +0.708360 -0.415253 -0.608859 +0.174958 +0.976204 +0.000000 +0.000000 +0.000000 +0.000000
ft 7 +0.000000 +0.000000 +0.000000 +0.000000 +0.000000 +0.000000 +0.000000 +0.000000 +0.000000 +0.000000 +0.000000 +0.000000 +0.000000 +0.000000 +0.000000 +0.000000 +0.000000 +0.000000 +0.000000 +0.000000 +0.000000 +0.000000 +0.000000 +0.000000 +0.000000 +0.000000 +0.000000 +0.000000 +0.000000 +0.000000 +0.000000 +0.000000 +0.000000 +0.000000 +0.000000 +0.000000
ft 8 +0.000000 +0.000000 +0.000000 +0.000000 +0.000000 +0.000000 +0.000000 +0.000000 +0.000000 +0.000000 +0.000000 +0.000000 +0.000000 +0.000000 +0.000000 +0.000000 +0.000000 +0.000000 +0.000000 +0.000000 +0.000000 +0.000000 +0.000000 +0.000000 +0.000000 +0.000000 +0.000000 +0.000000 +0.000000 +0.000000 +0.000000 +0.000000 +0.000000 +0.000000 +0.000000 +0.000000
ft 9 +0.000000 +0.000000 +0.000000 +0.000000 +0.000000 +0.000000 +0.000000 +0.000000 +0.000000 +0.000000 +0.000000 +0.000000 +0.000000 +0.000000 +0.000000 +0.000000 +0.000000 +0.000000 +0.000000 +0.000000 +0.000000 +0.000000 +0.000000 +0.000000 +0.000000 +0.000000 +0.000000 +0.000000 +0.000000 +0.000000 +0.000000 +0.000000 +0.000000 +0.000000 +0.000000 +0.000000
ft 10 +0.000000 +0.000000 +0.000000 +0.000000 +0.000000 +0.000000 +0.000000 +0.000000 +0.000000 +0.000000 +0.000000 +0.000000 +0.000000 +0.000000 +0.000000 +0.000000 +0.000000 +0.000000 +0.000000 +0.000000 +0.000000 +0.000000 +0.000000 +0.000000 +0.000000 +0.000000 +0.000000 +0.000000 +0.000000 +0.000000 +0.000000 +0.000000 +0.000000 +0.000000 +0.000000 +0.000000
ft 11 +0.485633 +0.550235 -0.952322 -0.905617 +0.339523 +0.817439 +0.485633 -0.415253 +0.000000 +0.785916 +0.868225 -0.088159 +0.817439 +0.971668 -0.259120 +0.817439 +0.000000 +0.844723 +0.888386 -0.943364 +0.888386 +0.339523 -0.339523 +0.990099 -0.174958 +0.485633 +0.844723 +0.749701 -0.485633 -0.550235 +0.415253 +0.971668 +0.000000 +0.000000 +0.000000 +0.000000
ft 12 +0.000000 +0.000000 +0.000000 +0.000000 +0.000000 +0.000000 +0.000000 +0.000000 +0.000000 +0.000000 +0.000000 +0.000000 +0.000000 +0.000000 +0.000000 +0.000000 +0.000000 +0.000000 +0.000000 +0.000000 +0.000000 +0.000000 +0.000000 +0.000000 +0.000000 +0.000000 +0.000000 +0.000000 +0.000000 +0.000000 +0.000000 +0.000000 +0.000000 +0.000000 +0.000000 +0.000000
ft 13 +0.708360 -0.749701 -0.905617 -0.415253 +0.708360 -0.868225 +0.844723 +0.088159 -0.174958 +0.485633 +0.817439 +0.749701 +0.415253 +0.959893 -0.259120 +0.088159 +0.174958 +0.000000 +0.339523 -0.339523 +0.785916 +0.485633 +0.339523 +0.920301 +0.174958 +0.608859 +0.000000 +0.868225 -0.920301 -0.415253 +0.905617 +0.708360 +0.000000 +0.000000 +0.000000 +0.000000
ft 14 +0.000000 +0.000000 +0.000000 +0.000000 +0.000000 +0.000000 +0.000000 +0.000000 +0.000000 +0.000000 +0.000000 +0.000000 +0.000000 +0.000000 +0.000000 +0.000000 +0.000000 +0.000000 +0.000000 +0.000000 +0.000000 +0.000000 +0.000000 +0.000000 +0.000000 +0.000000 +0.000000 +0.000000 +0.000000 +0.000000 +0.000000 +0.000000 +0.000000 +0.000000 +0.000000 +0.000000
ft 15 +0.259120 +0.339523 -0.844723 -0.339523 +0.088159 -0.174958 +0.749701 -0.485633 -0.088159 +0.952322 +0.785916 -0.708360 -0.174958 +0.661511 +0.708360 +0.844723 +0.415253 +0.415253 +0.088159 +0.817439 +0.088159 +0.259120 +0.259120 +0.868225 -0.817439 -0.259120 +0.088159 +0.000000 -0.868225 +0.608859 -0.339523 +0.976204 +0.000000 +0.000000 +0.000000 +0.000000
ft 16 +0.000000 +0.000000 +0.000000 +0.000000 +0.000000 +0.000000 +0.000000 +0.000000 +0.000000 +0.000000 +0.000000 +0.000000 +0.000000 +0.000000 +0.000000 +0.000000 +0.000000 +0.000000 +0.000000 +0.000000 +0.000000 +0.000000 +0.000000 +0.000000 +0.000000 +0.000000 +0.000000 +0.000000 +0.000000 +0.000000 +0.000000 +0.000000 +0.000000 +0.000000 +0.000000 +0.000000
ft 17 +0.000000 +0.000000 +0.000000 +0.000000 +0.000000 +0.000000 +0.000000 +0.000000 +0.000000 +0.000000 +0.000000 +0.000000 +0.000000 +0.000000 +0.000000 +0.000000 +0.000000 +0.000000 +0.000000 +0.000000 +0.000000 +0.000000 +0.000000 +0.000000 +0.000000 +0.000000 +0.000000 +0.000000 +0.000000 +0.000000 +0.000000 +0.000000 +0.000000 +0.000000 +0.000000 +0.000000
ft 18 +0.000000 +0.000000 +0.000000 +0.000000 +0.000000 +0.000000 +0.000000 +0.000000 +0.000000 +0.000000 +0.000000 +0.000000 +0.000000 +0.000000 +0.000000 +0.000000 +0.000000 +0.000000 +0.000000 +0.000000 +0.000000 +0.000000 +0.000000 +0.000000 +0.000000 +0.000000 +0.000000 +0.000000 +0.000000 +0.000000 +0.000000 +0.000000 +0.000000 +0.000000 +0.000000 +0.000000
sedge 

[body 25] 16
| local @r : int64
| @r = @p0 & 1099511627775
| local @k : int64
| @k <- 1
| %.t43 = @k + @r
| %.t44 = @r + %.t43
| %.t45 = %.t44 & 1099511627775
| @r <- %.t45
| @k <- 2
| %.t43 = @k + @r
| %.t44 = @r + %.t43
| %.t45 = %.t44 & 1099511627775
| @r <- %.t45
| @k <- 3
| %.t47 = @r & 1099511627775
| return %.t47
leaves %.t43 %.t44 %.t45 @k @r
fp 0 none
fp 1 none
fp 2 none
fp 3 none
fp 4 none
fp 5 none
fp 6 none
fp 7 none
fp 8 none
fp 9 none
fp 10 none
fp 11 none
fp 12 none
fp 13 none
fp 14 0000000000000000 0000000000000001 0000000000000000 0000000000000003 0000000000000002 00000047fdc0d712 000000e2e90c6f4a 000000f659c86330
fp 15 none
ft 0 +0.000000 +0.000000 +0.000000 +0.000000 +0.000000 +0.000000 +0.000000 +0.000000 +0.000000 +0.000000 +0.000000 +0.000000 +0.000000 +0.000000 +0.000000 +0.000000 +0.000000 +0.000000 +0.000000 +0.000000 +0.000000 +0.000000 +0.000000 +0.000000 +0.000000 +0.000000 +0.000000 +0.000000 +0.000000 +0.000000 +0.000000 +0.000000 +0.000000 +0.000000 +0.000000 +0.000000
ft 1 +0.000000 +0.000000 +0.000000 +0.000000 +0.000000 +0.000000 +0.000000 +0.000000 +0.000000 +0.000000 +0.000000 +0.000000 +0.000000 +0.000000 +0.000000 +0.000000 +0.000000 +0.000000 +0.000000 +0.000000 +0.000000 +0.000000 +0.000000 +0.000000 +0.000000 +0.000000 +0.000000 +0.000000 +0.000000 +0.000000 +0.000000 +0.000000 +0.000000 +0.000000 +0.000000 +0.000000
ft 2 +0.000000 +0.000000 +0.000000 +0.000000 +0.000000 +0.000000 +0.000000 +0.000000 +0.000000 +0.000000 +0.000000 +0.000000 +0.000000 +0.000000 +0.000000 +0.000000 +0.000000 +0.000000 +0.000000 +0.000000 +0.000000 +0.000000 +0.000000 +0.000000 +0.000000 +0.000000 +0.000000 +0.000000 +0.000000 +0.000000 +0.000000 +0.000000 +0.000000 +0.000000 +0.000000 +0.000000
ft 3 +0.000000 +0.000000 +0.000000 +0.000000 +0.000000 +0.000000 +0.000000 +0.000000 +0.000000 +0.000000 +0.000000 +0.000000 +0.000000 +0.000000 +0.000000 +0.000000 +0.000000 +0.000000 +0.000000 +0.000000 +0.000000 +0.000000 +0.000000 +0.000000 +0.000000 +0.000000 +0.000000 +0.000000 +0.000000 +0.000000 +0.000000 +0.000000 +0.000000 +0.000000 +0.000000 +0.000000
ft 4 +0.000000 +0.000000 +0.000000 +0.000000 +0.000000 +0.000000 +0.000000 +0.000000 +0.000000 +0.000000 +0.000000 +0.000000 +0.000000 +0.000000 +0.000000 +0.000000 +0.000000 +0.000000 +0.000000 +0.000000 +0.000000 +0.000000 +0.000000 +0.000000 +0.000000 +0.000000 +0.000000 +0.000000 +0.000000 +0.000000 +0.000000 +0.000000 +0.000000 +0.000000 +0.000000 +0.000000
ft 5 +0.000000 +0.000000 +0.000000 +0.000000 +0.000000 +0.000000 +0.000000 +0.000000 +0.000000 +0.000000 +0.000000 +0.000000 +0.000000 +0.000000 +0.000000 +0.000000 +0.000000 +0.000000 +0.000000 +0.000000 +0.000000 +0.000000 +0.000000 +0.000000 +0.000000 +0.000000 +0.000000 +0.000000 +0.000000 +0.000000 +0.000000 +0.000000 +0.000000 +0.000000 +0.000000 +0.000000
ft 6 +0.000000 +0.000000 +0.000000 +0.000000 +0.000000 +0.000000 +0.000000 +0.000000 +0.000000 +0.000000 +0.000000 +0.000000 +0.000000 +0.000000 +0.000000 +0.000000 +0.000000 +0.000000 +0.000000 +0.000000 +0.000000 +0.000000 +0.000000 +0.000000 +0.000000 +0.000000 +0.000000 +0.000000 +0.000000 +0.000000 +0.000000 +0.000000 +0.000000 +0.000000 +0.000000 +0.000000
ft 7 +0.000000 +0.000000 +0.000000 +0.000000 +0.000000 +0.000000 +0.000000 +0.000000 +0.000000 +0.000000 +0.000000 +0.000000 +0.000000 +0.000000 +0.000000 +0.000000 +0.000000 +0.000000 +0.000000 +0.000000 +0.000000 +0.000000 +0.000000 +0.000000 +0.000000 +0.000000 +0.000000 +0.000000 +0.000000 +0.000000 +0.000000 +0.000000 +0.000000 +0.000000 +0.000000 +0.000000
ft 8 +0.000000 +0.000000 +0.000000 +0.000000 +0.000000 +0.000000 +0.000000 +0.000000 +0.000000 +0.000000 +0.000000 +0.000000 +0.000000 +0.000000 +0.000000 +0.000000 +0.000000 +0.000000 +0.000000 +0.000000 +0.000000 +0.000000 +0.000000 +0.000000 +0.000000 +0.000000 +0.000000 +0.000000 +0.000000 +0.000000 +0.000000 +0.000000 +0.000000 +0.000000 +0.000000 +0.000000
ft 9 +0.000000 +0.000000 +0.000000 +0.000000 +0.000000 +0.000000 +0.000000 +0.000000 +0.000000 +0.000000 +0.000000 +0.000000 +0.000000 +0.000000 +0.000000 +0.000000 +0.000000 +0.000000 +0.000000 +0.000000 +0.000000 +0.000000 +0.000000 +0.000000 +0.000000 +0.000000 +0.000000 +0.000000 +0.000000 +0.000000 +0.000000 +0.000000 +0.000000 +0.000000 +0.000000 +0.000000
ft 10 +0.000000 +0.000000 +0.000000 +0.000000 +0.000000 +0.000000 +0.000000 +0.000000 +0.000000 +0.000000 +0.000000 +0.000000 +0.000000 +0.000000 +0.000000 +0.000000 +0.000000 +0.000000 +0.000000 +0.000000 +0.000000 +0.000000 +0.000000 +0.000000 +0.000000 +0.000000 +0.000000 +0.000000 +0.000000 +0.000000 +0.000000 +0.000000 +0.000000 +0.000000 +0.000000 +0.000000
ft 11 +0.000000 +0.000000 +0.000000 +0.000000 +0.000000 +0.000000 +0.000000 +0.000000 +0.000000 +0.000000 +0.000000 +0.000000 +0.000000 +0.000000 +0.000000 +0.000000 +0.000000 +0.000000 +0.000000 +0.000000 +0.000000 +0.000000 +0.000000 +0.000000 +0.000000 +0.000000 +0.000000 +0.000000 +0.000000 +0.000000 +0.000000 +0.000000 +0.000000 +0.000000 +0.000000 +0.000000
ft 12 +0.000000 +0.000000 +0.000000 +0.000000 +0.000000 +0.000000 +0.000000 +0.000000 +0.000000 +0.000000 +0.000000 +0.000000 +0.000000 +0.000000 +0.000000 +0.000000 +0.000000 +0.000000 +0.000000 +0.000000 +0.000000 +0.000000 +0.000000 +0.000000 +0.000000 +0.000000 +0.000000 +0.000000 +0.000000 +0.000000 +0.000000 +0.000000 +0.000000 +0.000000 +0.000000 +0.000000
ft 13 +0.000000 +0.000000 +0.000000 +0.000000 +0.000000 +0.000000 +0.000000 +0.000000 +0.000000 +0.000000 +0.000000 +0.000000 +0.000000 +0.000000 +0.000000 +0.000000 +0.000000 +0.000000 +0.000000 +0.000000 +0.000000 +0.000000 +0.000000 +0.000000 +0.000000 +0.000000 +0.000000 +0.000000 +0.000000 +0.000000 +0.000000 +0.000000 +0.000000 +0.000000 +0.000000 +0.000000
ft 14 +0.817439 +0.844723 -0.943364 -0.339523 +0.868225 +0.000000 -0.088159 +0.608859 -0.749701 +0.415253 +0.785916 +0.174958 +0.785916 +0.817439 +0.485633 +0.485633 -0.415253 -0.259120 +0.661511 -0.905617 +0.550235 -0.550235 -0.868225 +0.976204 -0.088159 +0.952322 +0.868225 +0.785916 -0.415253 -0.485633 -0.339523 +0.966282 +0.000000 +0.000000 +0.000000 +0.000000
ft 15 +0.000000 +0.000000 +0.000000 +0.000000 +0.000000 +0.000000 +0.000000 +0.000000 +0.000000 +0.000000 +0.000000 +0.000000 +0.000000 +0.000000 +0.000000 +0.000000 +0.000000 +0.000000 +0.000000 +0.000000 +0.000000 +0.000000 +0.000000 +0.000000 +0.000000 +0.000000 +0.000000 +0.000000 +0.000000 +0.000000 +0.000000 +0.000000 +0.000000 +0.000000 +0.000000 +0.000000
sedge 

[body 26] 8
| local @r : float64
| %.t51 = (float64)@x (float)
| %.t52 = %.t51 * (float) 5.000000
| %.t53 = (float64)@y (float)
| %.t54 = %.t53 * (float) 4.000000
| @r = %.t52 + (float) %.t54
| %.t56 = @r + (float) 4.000000
| return %.t56
leaves %.t51 %.t52 %.t53 %.t54 %.t56 @r
fp 0 none
fp 1 none
fp 2 none
fp 3 none
fp 4 none
fp 5 none
fp 6 none
fp 7 none
ft 0 +0.000000 +0.000000 +0.000000 +0.000000 +0.000000 +0.000000 +0.000000 +0.000000 +0.000000 +0.000000 +0.000000 +0.000000 +0.000000 +0.000000 +0.000000 +0.000000 +0.000000 +0.000000 +0.000000 +0.000000 +0.000000 +0.000000 +0.000000 +0.000000 +0.000000 +0.000000 +0.000000 +0.000000 +0.000000 +0.000000 +0.000000 +0.000000 +0.000000 +0.000000 +0.000000 +0.000000
ft 1 +0.000000 +0.000000 +0.000000 +0.000000 +0.000000 +0.000000 +0.000000 +0.000000 +0.000000 +0.000000 +0.000000 +0.000000 +0.000000 +0.000000 +0.000000 +0.000000 +0.000000 +0.000000 +0.000000 +0.000000 +0.000000 +0.000000 +0.000000 +0.000000 +0.000000 +0.000000 +0.000000 +0.000000 +0.000000 +0.000000 +0.000000 +0.000000 +0.000000 +0.000000 +0.000000 +0.000000
ft 2 +0.000000 +0.000000 +0.000000 +0.000000 +0.000000 +0.000000 +0.000000 +0.000000 +0.000000 +0.000000 +0.000000 +0.000000 +0.000000 +0.000000 +0.000000 +0.000000 +0.000000 +0.000000 +0.000000 +0.000000 +0.000000 +0.000000 +0.000000 +0.000000 +0.000000 +0.000000 +0.000000 +0.000000 +0.000000 +0.000000 +0.000000 +0.000000 +0.000000 +0.000000 +0.000000 +0.000000
ft 3 +0.000000 +0.000000 +0.000000 +0.000000 +0.000000 +0.000000 +0.000000 +0.000000 +0.000000 +0.000000 +0.000000 +0.000000 +0.000000 +0.000000 +0.000000 +0.000000 +0.000000 +0.000000 +0.000000 +0.000000 +0.000000 +0.000000 +0.000000 +0.000000 +0.000000 +0.000000 +0.000000 +0.000000 +0.000000 +0.000000 +0.000000 +0.000000 +0.000000 +0.000000 +0.000000 +0.000000
ft 4 +0.000000 +0.000000 +0.000000 +0.000000 +0.000000 +0.000000 +0.000000 +0.000000 +0.000000 +0.000000 +0.000000 +0.000000 +0.000000 +0.000000 +0.000000 +0.000000 +0.000000 +0.000000 +0.000000 +0.000000 +0.000000 +0.000000 +0.000000 +0.000000 +0.000000 +0.000000 +0.000000 +0.000000 +0.000000 +0.000000 +0.000000 +0.000000 +0.000000 +0.000000 +0.000000 +0.000000
ft 5 +0.000000 +0.000000 +0.000000 +0.000000 +0.000000 +0.000000 +0.000000 +0.000000 +0.000000 +0.000000 +0.000000 +0.000000 +0.000000 +0.000000 +0.000000 +0.000000 +0.000000 +0.000000 +0.000000 +0.000000 +0.000000 +0.000000 +0.000000 +0.000000 +0.000000 +0.000000 +0.000000 +0.000000 +0.000000 +0.000000 +0.000000 +0.000000 +0.000000 +0.000000 +0.000000 +0.000000
ft 6 +0.000000 +0.000000 +0.000000 +0.000000 +0.000000 +0.000000 +0.000000 +0.000000 +0.000000 +0.000000 +0.000000 +0.000000 +0.000000 +0.000000 +0.000000 +0.000000 +0.000000 +0.000000 +0.000000 +0.000000 +0.000000 +0.000000 +0.000000 +0.000000 +0.000000 +0.000000 +0.000000 +0.000000 +0.000000 +0.000000 +0.000000 +0.000000 +0.000000 +0.000000 +0.000000 +0.000000
ft 7 +0.000000 +0.000000 +0.000000 +0.000000 +0.000000 +0.000000 +0.000000 +0.000000 +0.000000 +0.000000 +0.000000 +0.000000 +0.000000 +0.000000 +0.000000 +0.000000 +0.000000 +0.000000 +0.000000 +0.000000 +0.000000 +0.000000 +0.000000 +0.000000 +0.000000 +0.000000 +0.000000 +0.000000 +0.000000 +0.000000 +0.000000 +0.000000 +0.000000 +0.000000 +0.000000 +0.000000
sedge 

[body 27] 43
| local @z : float64
| @z = @t * (float) @t
| local @p : float64
| %__float_local_5 = -0.032258 (float)
| %.t811 = %__float_local_5 * (float) @z
| %__float_local_8 = %.t811 + (float) 0.034483
| %.t813 = %__float_local_8 * (float) @z
| %.t814 = -0.037037 (float)
| %__float_local_12 = %.t813 + (float) %.t814
| %.t816 = %__float_local_12 * (float) @z
| %__float_local_15 = %.t816 + (float) 0.040000
| %.t818 = %__float_local_15 * (float) @z
| %.t819 = -0.043478 (float)
| %__float_local_19 = %.t818 + (float) %.t819
| %.t821 = %__float_local_19 * (float) @z
| %__float_local_22 = %.t821 + (float) 0.047619
| %.t823 = %__float_local_22 * (float) @z
| %.t824 = -0.052632 (float)
| %__float_local_26 = %.t823 + (float) %.t824
| %.t826 = %__float_local_26 * (float) @z
| %__float_local_29 = %.t826 + (float) 0.058824
| %.t828 = %__float_local_29 * (float) @z
| %.t829 = -0.066667 (float)
| %__float_local_33 = %.t828 + (float) %.t829
| %.t831 = %__float_local_33 * (float) @z
| %__float_local_36 = %.t831 + (float) 0.076923
| %.t833 = %__float_local_36 * (float) @z
| %.t834 = -0.090909 (float)
| %__float_local_40 = %.t833 + (float) %.t834
| %.t836 = %__float_local_40 * (float) @z
| %__float_local_43 = %.t836 + (float) 0.111111
| %.t838 = %__float_local_43 * (float) @z
| %.t839 = -0.142857 (float)
| %__float_local_47 = %.t838 + (float) %.t839
| %.t841 = %__float_local_47 * (float) @z
| %__float_local_50 = %.t841 + (float) 0.200000
| %.t843 = %__float_local_50 * (float) @z
| %.t844 = -0.333333 (float)
| %__float_local_54 = %.t843 + (float) %.t844
| %.t846 = %__float_local_54 * (float) @z
| @p = %.t846 + (float) 1.000000
| %.t848 = @t * (float) @p
| return %.t848
leaves %.t811 %.t813 %.t814 %.t816 %.t818 %.t819 %.t821 %.t823 %.t824 %.t826 %.t828 %.t829 %.t831 %.t833 %.t834 %.t836 %.t838 %.t839 %.t841 %.t843 %.t844 %.t846 %.t848 %__float_local_12 %__float_local_15 %__float_local_19 %__float_local_22 %__float_local_26 %__float_local_29 %__float_local_33 %__float_local_36 %__float_local_40 %__float_local_43 %__float_local_47 %__float_local_5 %__float_local_50 %__float_local_54 %__float_local_8 @p @z
fp 0 none
fp 1 none
fp 2 none
fp 3 none
fp 4 none
fp 5 none
fp 6 none
fp 7 none
fp 8 none
fp 9 none
fp 10 none
fp 11 none
fp 12 none
fp 13 none
fp 14 none
fp 15 none
fp 16 none
fp 17 none
fp 18 none
fp 19 none
fp 20 none
fp 21 none
fp 22 none
fp 23 none
fp 24 none
fp 25 none
fp 26 none
fp 27 none
fp 28 none
fp 29 none
fp 30 none
fp 31 none
fp 32 none
fp 33 none
fp 34 none
fp 35 none
fp 36 none
fp 37 none
fp 38 none
fp 39 none
fp 40 none
fp 41 none
fp 42 none
ft 0 +0.000000 +0.000000 +0.000000 +0.000000 +0.000000 +0.000000 +0.000000 +0.000000 +0.000000 +0.000000 +0.000000 +0.000000 +0.000000 +0.000000 +0.000000 +0.000000 +0.000000 +0.000000 +0.000000 +0.000000 +0.000000 +0.000000 +0.000000 +0.000000 +0.000000 +0.000000 +0.000000 +0.000000 +0.000000 +0.000000 +0.000000 +0.000000 +0.000000 +0.000000 +0.000000 +0.000000
ft 1 +0.000000 +0.000000 +0.000000 +0.000000 +0.000000 +0.000000 +0.000000 +0.000000 +0.000000 +0.000000 +0.000000 +0.000000 +0.000000 +0.000000 +0.000000 +0.000000 +0.000000 +0.000000 +0.000000 +0.000000 +0.000000 +0.000000 +0.000000 +0.000000 +0.000000 +0.000000 +0.000000 +0.000000 +0.000000 +0.000000 +0.000000 +0.000000 +0.000000 +0.000000 +0.000000 +0.000000
ft 2 +0.000000 +0.000000 +0.000000 +0.000000 +0.000000 +0.000000 +0.000000 +0.000000 +0.000000 +0.000000 +0.000000 +0.000000 +0.000000 +0.000000 +0.000000 +0.000000 +0.000000 +0.000000 +0.000000 +0.000000 +0.000000 +0.000000 +0.000000 +0.000000 +0.000000 +0.000000 +0.000000 +0.000000 +0.000000 +0.000000 +0.000000 +0.000000 +0.000000 +0.000000 +0.000000 +0.000000
ft 3 +0.000000 +0.000000 +0.000000 +0.000000 +0.000000 +0.000000 +0.000000 +0.000000 +0.000000 +0.000000 +0.000000 +0.000000 +0.000000 +0.000000 +0.000000 +0.000000 +0.000000 +0.000000 +0.000000 +0.000000 +0.000000 +0.000000 +0.000000 +0.000000 +0.000000 +0.000000 +0.000000 +0.000000 +0.000000 +0.000000 +0.000000 +0.000000 +0.000000 +0.000000 +0.000000 +0.000000
ft 4 +0.000000 +0.000000 +0.000000 +0.000000 +0.000000 +0.000000 +0.000000 +0.000000 +0.000000 +0.000000 +0.000000 +0.000000 +0.000000 +0.000000 +0.000000 +0.000000 +0.000000 +0.000000 +0.000000 +0.000000 +0.000000 +0.000000 +0.000000 +0.000000 +0.000000 +0.000000 +0.000000 +0.000000 +0.000000 +0.000000 +0.000000 +0.000000 +0.000000 +0.000000 +0.000000 +0.000000
ft 5 +0.000000 +0.000000 +0.000000 +0.000000 +0.000000 +0.000000 +0.000000 +0.000000 +0.000000 +0.000000 +0.000000 +0.000000 +0.000000 +0.000000 +0.000000 +0.000000 +0.000000 +0.000000 +0.000000 +0.000000 +0.000000 +0.000000 +0.000000 +0.000000 +0.000000 +0.000000 +0.000000 +0.000000 +0.000000 +0.000000 +0.000000 +0.000000 +0.000000 +0.000000 +0.000000 +0.000000
ft 6 +0.000000 +0.000000 +0.000000 +0.000000 +0.000000 +0.000000 +0.000000 +0.000000 +0.000000 +0.000000 +0.000000 +0.000000 +0.000000 +0.000000 +0.000000 +0.000000 +0.000000 +0.000000 +0.000000 +0.000000 +0.000000 +0.000000 +0.000000 +0.000000 +0.000000 +0.000000 +0.000000 +0.000000 +0.000000 +0.000000 +0.000000 +0.000000 +0.000000 +0.000000 +0.000000 +0.000000
ft 7 +0.000000 +0.000000 +0.000000 +0.000000 +0.000000 +0.000000 +0.000000 +0.000000 +0.000000 +0.000000 +0.000000 +0.000000 +0.000000 +0.000000 +0.000000 +0.000000 +0.000000 +0.000000 +0.000000 +0.000000 +0.000000 +0.000000 +0.000000 +0.000000 +0.000000 +0.000000 +0.000000 +0.000000 +0.000000 +0.000000 +0.000000 +0.000000 +0.000000 +0.000000 +0.000000 +0.000000
ft 8 +0.000000 +0.000000 +0.000000 +0.000000 +0.000000 +0.000000 +0.000000 +0.000000 +0.000000 +0.000000 +0.000000 +0.000000 +0.000000 +0.000000 +0.000000 +0.000000 +0.000000 +0.000000 +0.000000 +0.000000 +0.000000 +0.000000 +0.000000 +0.000000 +0.000000 +0.000000 +0.000000 +0.000000 +0.000000 +0.000000 +0.000000 +0.000000 +0.000000 +0.000000 +0.000000 +0.000000
ft 9 +0.000000 +0.000000 +0.000000 +0.000000 +0.000000 +0.000000 +0.000000 +0.000000 +0.000000 +0.000000 +0.000000 +0.000000 +0.000000 +0.000000 +0.000000 +0.000000 +0.000000 +0.000000 +0.000000 +0.000000 +0.000000 +0.000000 +0.000000 +0.000000 +0.000000 +0.000000 +0.000000 +0.000000 +0.000000 +0.000000 +0.000000 +0.000000 +0.000000 +0.000000 +0.000000 +0.000000
ft 10 +0.000000 +0.000000 +0.000000 +0.000000 +0.000000 +0.000000 +0.000000 +0.000000 +0.000000 +0.000000 +0.000000 +0.000000 +0.000000 +0.000000 +0.000000 +0.000000 +0.000000 +0.000000 +0.000000 +0.000000 +0.000000 +0.000000 +0.000000 +0.000000 +0.000000 +0.000000 +0.000000 +0.000000 +0.000000 +0.000000 +0.000000 +0.000000 +0.000000 +0.000000 +0.000000 +0.000000
ft 11 +0.000000 +0.000000 +0.000000 +0.000000 +0.000000 +0.000000 +0.000000 +0.000000 +0.000000 +0.000000 +0.000000 +0.000000 +0.000000 +0.000000 +0.000000 +0.000000 +0.000000 +0.000000 +0.000000 +0.000000 +0.000000 +0.000000 +0.000000 +0.000000 +0.000000 +0.000000 +0.000000 +0.000000 +0.000000 +0.000000 +0.000000 +0.000000 +0.000000 +0.000000 +0.000000 +0.000000
ft 12 +0.000000 +0.000000 +0.000000 +0.000000 +0.000000 +0.000000 +0.000000 +0.000000 +0.000000 +0.000000 +0.000000 +0.000000 +0.000000 +0.000000 +0.000000 +0.000000 +0.000000 +0.000000 +0.000000 +0.000000 +0.000000 +0.000000 +0.000000 +0.000000 +0.000000 +0.000000 +0.000000 +0.000000 +0.000000 +0.000000 +0.000000 +0.000000 +0.000000 +0.000000 +0.000000 +0.000000
ft 13 +0.000000 +0.000000 +0.000000 +0.000000 +0.000000 +0.000000 +0.000000 +0.000000 +0.000000 +0.000000 +0.000000 +0.000000 +0.000000 +0.000000 +0.000000 +0.000000 +0.000000 +0.000000 +0.000000 +0.000000 +0.000000 +0.000000 +0.000000 +0.000000 +0.000000 +0.000000 +0.000000 +0.000000 +0.000000 +0.000000 +0.000000 +0.000000 +0.000000 +0.000000 +0.000000 +0.000000
ft 14 +0.000000 +0.000000 +0.000000 +0.000000 +0.000000 +0.000000 +0.000000 +0.000000 +0.000000 +0.000000 +0.000000 +0.000000 +0.000000 +0.000000 +0.000000 +0.000000 +0.000000 +0.000000 +0.000000 +0.000000 +0.000000 +0.000000 +0.000000 +0.000000 +0.000000 +0.000000 +0.000000 +0.000000 +0.000000 +0.000000 +0.000000 +0.000000 +0.000000 +0.000000 +0.000000 +0.000000
ft 15 +0.000000 +0.000000 +0.000000 +0.000000 +0.000000 +0.000000 +0.000000 +0.000000 +0.000000 +0.000000 +0.000000 +0.000000 +0.000000 +0.000000 +0.000000 +0.000000 +0.000000 +0.000000 +0.000000 +0.000000 +0.000000 +0.000000 +0.000000 +0.000000 +0.000000 +0.000000 +0.000000 +0.000000 +0.000000 +0.000000 +0.000000 +0.000000 +0.000000 +0.000000 +0.000000 +0.000000
ft 16 +0.000000 +0.000000 +0.000000 +0.000000 +0.000000 +0.000000 +0.000000 +0.000000 +0.000000 +0.000000 +0.000000 +0.000000 +0.000000 +0.000000 +0.000000 +0.000000 +0.000000 +0.000000 +0.000000 +0.000000 +0.000000 +0.000000 +0.000000 +0.000000 +0.000000 +0.000000 +0.000000 +0.000000 +0.000000 +0.000000 +0.000000 +0.000000 +0.000000 +0.000000 +0.000000 +0.000000
ft 17 +0.000000 +0.000000 +0.000000 +0.000000 +0.000000 +0.000000 +0.000000 +0.000000 +0.000000 +0.000000 +0.000000 +0.000000 +0.000000 +0.000000 +0.000000 +0.000000 +0.000000 +0.000000 +0.000000 +0.000000 +0.000000 +0.000000 +0.000000 +0.000000 +0.000000 +0.000000 +0.000000 +0.000000 +0.000000 +0.000000 +0.000000 +0.000000 +0.000000 +0.000000 +0.000000 +0.000000
ft 18 +0.000000 +0.000000 +0.000000 +0.000000 +0.000000 +0.000000 +0.000000 +0.000000 +0.000000 +0.000000 +0.000000 +0.000000 +0.000000 +0.000000 +0.000000 +0.000000 +0.000000 +0.000000 +0.000000 +0.000000 +0.000000 +0.000000 +0.000000 +0.000000 +0.000000 +0.000000 +0.000000 +0.000000 +0.000000 +0.000000 +0.000000 +0.000000 +0.000000 +0.000000 +0.000000 +0.000000
ft 19 +0.000000 +0.000000 +0.000000 +0.000000 +0.000000 +0.000000 +0.000000 +0.000000 +0.000000 +0.000000 +0.000000 +0.000000 +0.000000 +0.000000 +0.000000 +0.000000 +0.000000 +0.000000 +0.000000 +0.000000 +0.000000 +0.000000 +0.000000 +0.000000 +0.000000 +0.000000 +0.000000 +0.000000 +0.000000 +0.000000 +0.000000 +0.000000 +0.000000 +0.000000 +0.000000 +0.000000
ft 20 +0.000000 +0.000000 +0.000000 +0.000000 +0.000000 +0.000000 +0.000000 +0.000000 +0.000000 +0.000000 +0.000000 +0.000000 +0.000000 +0.000000 +0.000000 +0.000000 +0.000000 +0.000000 +0.000000 +0.000000 +0.000000 +0.000000 +0.000000 +0.000000 +0.000000 +0.000000 +0.000000 +0.000000 +0.000000 +0.000000 +0.000000 +0.000000 +0.000000 +0.000000 +0.000000 +0.000000
ft 21 +0.000000 +0.000000 +0.000000 +0.000000 +0.000000 +0.000000 +0.000000 +0.000000 +0.000000 +0.000000 +0.000000 +0.000000 +0.000000 +0.000000 +0.000000 +0.000000 +0.000000 +0.000000 +0.000000 +0.000000 +0.000000 +0.000000 +0.000000 +0.000000 +0.000000 +0.000000 +0.000000 +0.000000 +0.000000 +0.000000 +0.000000 +0.000000 +0.000000 +0.000000 +0.000000 +0.000000
ft 22 +0.000000 +0.000000 +0.000000 +0.000000 +0.000000 +0.000000 +0.000000 +0.000000 +0.000000 +0.000000 +0.000000 +0.000000 +0.000000 +0.000000 +0.000000 +0.000000 +0.000000 +0.000000 +0.000000 +0.000000 +0.000000 +0.000000 +0.000000 +0.000000 +0.000000 +0.000000 +0.000000 +0.000000 +0.000000 +0.000000 +0.000000 +0.000000 +0.000000 +0.000000 +0.000000 +0.000000
ft 23 +0.000000 +0.000000 +0.000000 +0.000000 +0.000000 +0.000000 +0.000000 +0.000000 +0.000000 +0.000000 +0.000000 +0.000000 +0.000000 +0.000000 +0.000000 +0.000000 +0.000000 +0.000000 +0.000000 +0.000000 +0.000000 +0.000000 +0.000000 +0.000000 +0.000000 +0.000000 +0.000000 +0.000000 +0.000000 +0.000000 +0.000000 +0.000000 +0.000000 +0.000000 +0.000000 +0.000000
ft 24 +0.000000 +0.000000 +0.000000 +0.000000 +0.000000 +0.000000 +0.000000 +0.000000 +0.000000 +0.000000 +0.000000 +0.000000 +0.000000 +0.000000 +0.000000 +0.000000 +0.000000 +0.000000 +0.000000 +0.000000 +0.000000 +0.000000 +0.000000 +0.000000 +0.000000 +0.000000 +0.000000 +0.000000 +0.000000 +0.000000 +0.000000 +0.000000 +0.000000 +0.000000 +0.000000 +0.000000
ft 25 +0.000000 +0.000000 +0.000000 +0.000000 +0.000000 +0.000000 +0.000000 +0.000000 +0.000000 +0.000000 +0.000000 +0.000000 +0.000000 +0.000000 +0.000000 +0.000000 +0.000000 +0.000000 +0.000000 +0.000000 +0.000000 +0.000000 +0.000000 +0.000000 +0.000000 +0.000000 +0.000000 +0.000000 +0.000000 +0.000000 +0.000000 +0.000000 +0.000000 +0.000000 +0.000000 +0.000000
ft 26 +0.000000 +0.000000 +0.000000 +0.000000 +0.000000 +0.000000 +0.000000 +0.000000 +0.000000 +0.000000 +0.000000 +0.000000 +0.000000 +0.000000 +0.000000 +0.000000 +0.000000 +0.000000 +0.000000 +0.000000 +0.000000 +0.000000 +0.000000 +0.000000 +0.000000 +0.000000 +0.000000 +0.000000 +0.000000 +0.000000 +0.000000 +0.000000 +0.000000 +0.000000 +0.000000 +0.000000
ft 27 +0.000000 +0.000000 +0.000000 +0.000000 +0.000000 +0.000000 +0.000000 +0.000000 +0.000000 +0.000000 +0.000000 +0.000000 +0.000000 +0.000000 +0.000000 +0.000000 +0.000000 +0.000000 +0.000000 +0.000000 +0.000000 +0.000000 +0.000000 +0.000000 +0.000000 +0.000000 +0.000000 +0.000000 +0.000000 +0.000000 +0.000000 +0.000000 +0.000000 +0.000000 +0.000000 +0.000000
ft 28 +0.000000 +0.000000 +0.000000 +0.000000 +0.000000 +0.000000 +0.000000 +0.000000 +0.000000 +0.000000 +0.000000 +0.000000 +0.000000 +0.000000 +0.000000 +0.000000 +0.000000 +0.000000 +0.000000 +0.000000 +0.000000 +0.000000 +0.000000 +0.000000 +0.000000 +0.000000 +0.000000 +0.000000 +0.000000 +0.000000 +0.000000 +0.000000 +0.000000 +0.000000 +0.000000 +0.000000
ft 29 +0.000000 +0.000000 +0.000000 +0.000000 +0.000000 +0.000000 +0.000000 +0.000000 +0.000000 +0.000000 +0.000000 +0.000000 +0.000000 +0.000000 +0.000000 +0.000000 +0.000000 +0.000000 +0.000000 +0.000000 +0.000000 +0.000000 +0.000000 +0.000000 +0.000000 +0.000000 +0.000000 +0.000000 +0.000000 +0.000000 +0.000000 +0.000000 +0.000000 +0.000000 +0.000000 +0.000000
ft 30 +0.000000 +0.000000 +0.000000 +0.000000 +0.000000 +0.000000 +0.000000 +0.000000 +0.000000 +0.000000 +0.000000 +0.000000 +0.000000 +0.000000 +0.000000 +0.000000 +0.000000 +0.000000 +0.000000 +0.000000 +0.000000 +0.000000 +0.000000 +0.000000 +0.000000 +0.000000 +0.000000 +0.000000 +0.000000 +0.000000 +0.000000 +0.000000 +0.000000 +0.000000 +0.000000 +0.000000
ft 31 +0.000000 +0.000000 +0.000000 +0.000000 +0.000000 +0.000000 +0.000000 +0.000000 +0.000000 +0.000000 +0.000000 +0.000000 +0.000000 +0.000000 +0.000000 +0.000000 +0.000000 +0.000000 +0.000000 +0.000000 +0.000000 +0.000000 +0.000000 +0.000000 +0.000000 +0.000000 +0.000000 +0.000000 +0.000000 +0.000000 +0.000000 +0.000000 +0.000000 +0.000000 +0.000000 +0.000000
ft 32 +0.000000 +0.000000 +0.000000 +0.000000 +0.000000 +0.000000 +0.000000 +0.000000 +0.000000 +0.000000 +0.000000 +0.000000 +0.000000 +0.000000 +0.000000 +0.000000 +0.000000 +0.000000 +0.000000 +0.000000 +0.000000 +0.000000 +0.000000 +0.000000 +0.000000 +0.000000 +0.000000 +0.000000 +0.000000 +0.000000 +0.000000 +0.000000 +0.000000 +0.000000 +0.000000 +0.000000
ft 33 +0.000000 +0.000000 +0.000000 +0.000000 +0.000000 +0.000000 +0.000000 +0.000000 +0.000000 +0.000000 +0.000000 +0.000000 +0.000000 +0.000000 +0.000000 +0.000000 +0.000000 +0.000000 +0.000000 +0.000000 +0.000000 +0.000000 +0.000000 +0.000000 +0.000000 +0.000000 +0.000000 +0.000000 +0.000000 +0.000000 +0.000000 +0.000000 +0.000000 +0.000000 +0.000000 +0.000000
ft 34 +0.000000 +0.000000 +0.000000 +0.000000 +0.000000 +0.000000 +0.000000 +0.000000 +0.000000 +0.000000 +0.000000 +0.000000 +0.000000 +0.000000 +0.000000 +0.000000 +0.000000 +0.000000 +0.000000 +0.000000 +0.000000 +0.000000 +0.000000 +0.000000 +0.000000 +0.000000 +0.000000 +0.000000 +0.000000 +0.000000 +0.000000 +0.000000 +0.000000 +0.000000 +0.000000 +0.000000
ft 35 +0.000000 +0.000000 +0.000000 +0.000000 +0.000000 +0.000000 +0.000000 +0.000000 +0.000000 +0.000000 +0.000000 +0.000000 +0.000000 +0.000000 +0.000000 +0.000000 +0.000000 +0.000000 +0.000000 +0.000000 +0.000000 +0.000000 +0.000000 +0.000000 +0.000000 +0.000000 +0.000000 +0.000000 +0.000000 +0.000000 +0.000000 +0.000000 +0.000000 +0.000000 +0.000000 +0.000000
ft 36 +0.000000 +0.000000 +0.000000 +0.000000 +0.000000 +0.000000 +0.000000 +0.000000 +0.000000 +0.000000 +0.000000 +0.000000 +0.000000 +0.000000 +0.000000 +0.000000 +0.000000 +0.000000 +0.000000 +0.000000 +0.000000 +0.000000 +0.000000 +0.000000 +0.000000 +0.000000 +0.000000 +0.000000 +0.000000 +0.000000 +0.000000 +0.000000 +0.000000 +0.000000 +0.000000 +0.000000
ft 37 +0.000000 +0.000000 +0.000000 +0.000000 +0.000000 +0.000000 +0.000000 +0.000000 +0.000000 +0.000000 +0.000000 +0.000000 +0.000000 +0.000000 +0.000000 +0.000000 +0.000000 +0.000000 +0.000000 +0.000000 +0.000000 +0.000000 +0.000000 +0.000000 +0.000000 +0.000000 +0.000000 +0.000000 +0.000000 +0.000000 +0.000000 +0.000000 +0.000000 +0.000000 +0.000000 +0.000000
ft 38 +0.000000 +0.000000 +0.000000 +0.000000 +0.000000 +0.000000 +0.000000 +0.000000 +0.000000 +0.000000 +0.000000 +0.000000 +0.000000 +0.000000 +0.000000 +0.000000 +0.000000 +0.000000 +0.000000 +0.000000 +0.000000 +0.000000 +0.000000 +0.000000 +0.000000 +0.000000 +0.000000 +0.000000 +0.000000 +0.000000 +0.000000 +0.000000 +0.000000 +0.000000 +0.000000 +0.000000
ft 39 +0.000000 +0.000000 +0.000000 +0.000000 +0.000000 +0.000000 +0.000000 +0.000000 +0.000000 +0.000000 +0.000000 +0.000000 +0.000000 +0.000000 +0.000000 +0.000000 +0.000000 +0.000000 +0.000000 +0.000000 +0.000000 +0.000000 +0.000000 +0.000000 +0.000000 +0.000000 +0.000000 +0.000000 +0.000000 +0.000000 +0.000000 +0.000000 +0.000000 +0.000000 +0.000000 +0.000000
ft 40 +0.000000 +0.000000 +0.000000 +0.000000 +0.000000 +0.000000 +0.000000 +0.000000 +0.000000 +0.000000 +0.000000 +0.000000 +0.000000 +0.000000 +0.000000 +0.000000 +0.000000 +0.000000 +0.000000 +0.000000 +0.000000 +0.000000 +0.000000 +0.000000 +0.000000 +0.000000 +0.000000 +0.000000 +0.000000 +0.000000 +0.000000 +0.000000 +0.000000 +0.000000 +0.000000 +0.000000
ft 41 +0.000000 +0.000000 +0.000000 +0.000000 +0.000000 +0.000000 +0.000000 +0.000000 +0.000000 +0.000000 +0.000000 +0.000000 +0.000000 +0.000000 +0.000000 +0.000000 +0.000000 +0.000000 +0.000000 +0.000000 +0.000000 +0.000000 +0.000000 +0.000000 +0.000000 +0.000000 +0.000000 +0.000000 +0.000000 +0.000000 +0.000000 +0.000000 +0.000000 +0.000000 +0.000000 +0.000000
ft 42 +0.000000 +0.000000 +0.000000 +0.000000 +0.000000 +0.000000 +0.000000 +0.000000 +0.000000 +0.000000 +0.000000 +0.000000 +0.000000 +0.000000 +0.000000 +0.000000 +0.000000 +0.000000 +0.000000 +0.000000 +0.000000 +0.000000 +0.000000 +0.000000 +0.000000 +0.000000 +0.000000 +0.000000 +0.000000 +0.000000 +0.000000 +0.000000 +0.000000 +0.000000 +0.000000 +0.000000
sedge 

[body 28] 4
| %.t104 = @__env + 8
| %.t105 <- *%.t104 [4]
| %.t106 = @x + %.t105
| return %.t106
leaves %.t105 @__env @x
fp 0 0000000000000008 0000000000000009 0000000000000009 000000000000000b 0000000000000009 44d8bb7f30cb5c27 957c99dd34d61d77 4aff8ca5b1b2be0c
fp 1 none
fp 2 0000000000000000 0000000000000002 0000000000000005 0000000000000004 0000000000000004 6b9645f34c7f81fc f1cbbdac1d134738 e1f9322c78755c8b
fp 3 none
ft 0 -0.174958 -0.661511 -0.415253 -0.550235 +0.971668 -0.661511 +0.785916 -0.088159 -0.174958 +0.785916 +0.905617 +0.749701 -0.550235 +0.339523 -0.259120 +0.088159 +0.339523 +0.708360 -0.708360 -0.708360 +0.888386 +0.708360 +0.000000 +0.485633 -0.608859 +0.920301 +0.943364 +0.088159 -0.888386 +0.088159 +0.550235 +0.608859 +0.000000 +0.000000 +0.000000 +0.000000
ft 1 +0.000000 +0.000000 +0.000000 +0.000000 +0.000000 +0.000000 +0.000000 +0.000000 +0.000000 +0.000000 +0.000000 +0.000000 +0.000000 +0.000000 +0.000000 +0.000000 +0.000000 +0.000000 +0.000000 +0.000000 +0.000000 +0.000000 +0.000000 +0.000000 +0.000000 +0.000000 +0.000000 +0.000000 +0.000000 +0.000000 +0.000000 +0.000000 +0.000000 +0.000000 +0.000000 +0.000000
ft 2 +0.415253 -0.339523 -0.174958 -0.339523 +0.932781 -0.844723 +0.905617 +0.174958 -0.868225 +0.550235 +0.959893 +0.339523 +0.608859 +0.415253 -0.785916 +0.000000 +0.817439 +0.749701 +0.088159 +0.088159 +0.817439 -0.088159 +0.088159 +0.550235 +0.749701 +0.088159 +0.415253 +0.844723 -0.550235 -0.174958 -0.485633 +0.905617 +0.000000 +0.000000 +0.000000 +0.000000
ft 3 +0.000000 +0.000000 +0.000000 +0.000000 +0.000000 +0.000000 +0.000000 +0.000000 +0.000000 +0.000000 +0.000000 +0.000000 +0.000000 +0.000000 +0.000000 +0.000000 +0.000000 +0.000000 +0.000000 +0.000000 +0.000000 +0.000000 +0.000000 +0.000000 +0.000000 +0.000000 +0.000000 +0.000000 +0.000000 +0.000000 +0.000000 +0.000000 +0.000000 +0.000000 +0.000000 +0.000000
sedge 

[body 29] 7
| local @s : float32
| @s <- 0.000000
| local @i : int64
| @i <- 0
| @s += simd_dot_f32(a=@a, b=@b, len=@n)
| label ir_while_end_35
| return @s
leaves @s
fp 0 none
fp 1 none
fp 2 none
fp 3 0000000000000000 0000000000000000 0000000000000000 0000000000000000 0000000000000000 0000000000000000 0000000000000000 0000000000000000
fp 4 none
fp 5 none
fp 6 none
ft 0 +0.000000 +0.000000 +0.000000 +0.000000 +0.000000 +0.000000 +0.000000 +0.000000 +0.000000 +0.000000 +0.000000 +0.000000 +0.000000 +0.000000 +0.000000 +0.000000 +0.000000 +0.000000 +0.000000 +0.000000 +0.000000 +0.000000 +0.000000 +0.000000 +0.000000 +0.000000 +0.000000 +0.000000 +0.000000 +0.000000 +0.000000 +0.000000 +0.000000 +0.000000 +0.000000 +0.000000
ft 1 +0.000000 +0.000000 +0.000000 +0.000000 +0.000000 +0.000000 +0.000000 +0.000000 +0.000000 +0.000000 +0.000000 +0.000000 +0.000000 +0.000000 +0.000000 +0.000000 +0.000000 +0.000000 +0.000000 +0.000000 +0.000000 +0.000000 +0.000000 +0.000000 +0.000000 +0.000000 +0.000000 +0.000000 +0.000000 +0.000000 +0.000000 +0.000000 +0.000000 +0.000000 +0.000000 +0.000000
ft 2 +0.000000 +0.000000 +0.000000 +0.000000 +0.000000 +0.000000 +0.000000 +0.000000 +0.000000 +0.000000 +0.000000 +0.000000 +0.000000 +0.000000 +0.000000 +0.000000 +0.000000 +0.000000 +0.000000 +0.000000 +0.000000 +0.000000 +0.000000 +0.000000 +0.000000 +0.000000 +0.000000 +0.000000 +0.000000 +0.000000 +0.000000 +0.000000 +0.000000 +0.000000 +0.000000 +0.000000
ft 3 +0.550235 +0.339523 -0.959893 -0.844723 +0.415253 +0.844723 +0.550235 -0.485633 -0.088159 +0.868225 +0.844723 +0.000000 +0.844723 +0.983231 -0.174958 +0.844723 +0.088159 +0.817439 +0.868225 -0.952322 +0.868225 +0.259120 -0.415253 +0.991697 +0.088159 +0.415253 +0.905617 +0.785916 -0.415253 -0.608859 +0.339523 +0.966282 +1.000000 +0.000000 +1.000000 +0.000000
ft 4 +0.000000 +0.000000 +0.000000 +0.000000 +0.000000 +0.000000 +0.000000 +0.000000 +0.000000 +0.000000 +0.000000 +0.000000 +0.000000 +0.000000 +0.000000 +0.000000 +0.000000 +0.000000 +0.000000 +0.000000 +0.000000 +0.000000 +0.000000 +0.000000 +0.000000 +0.000000 +0.000000 +0.000000 +0.000000 +0.000000 +0.000000 +0.000000 +0.000000 +0.000000 +0.000000 +0.000000
ft 5 +0.000000 +0.000000 +0.000000 +0.000000 +0.000000 +0.000000 +0.000000 +0.000000 +0.000000 +0.000000 +0.000000 +0.000000 +0.000000 +0.000000 +0.000000 +0.000000 +0.000000 +0.000000 +0.000000 +0.000000 +0.000000 +0.000000 +0.000000 +0.000000 +0.000000 +0.000000 +0.000000 +0.000000 +0.000000 +0.000000 +0.000000 +0.000000 +0.000000 +0.000000 +0.000000 +0.000000
ft 6 +0.000000 +0.000000 +0.000000 +0.000000 +0.000000 +0.000000 +0.000000 +0.000000 +0.000000 +0.000000 +0.000000 +0.000000 +0.000000 +0.000000 +0.000000 +0.000000 +0.000000 +0.000000 +0.000000 +0.000000 +0.000000 +0.000000 +0.000000 +0.000000 +0.000000 +0.000000 +0.000000 +0.000000 +0.000000 +0.000000 +0.000000 +0.000000 +0.000000 +0.000000 +0.000000 +0.000000
sedge 

[body 30] 27
| local @t : int32
| @t <- @x
| @t = @t + 1
| @t = @t + 2
| @t = @t + 3
| @t = @t + 4
| @t = @t + 5
| @t = @t + 6
| @t = @t + 7
| @t = @t + 8
| @t = @t + 9
| @t = @t + 10
| @t = @t + 11
| @t = @t + 12
| @t = @t + 13
| @t = @t + 14
| @t = @t + 15
| @t = @t + 16
| @t = @t + 17
| @t = @t + 18
| @t = @t + 19
| @t = @t + 20
| @t = @t + 21
| @t = @t + 22
| @t = @t + 23
| @t = @t + 24
| return @t
leaves @t
fp 0 none
fp 1 none
fp 2 none
fp 3 none
fp 4 none
fp 5 none
fp 6 none
fp 7 none
fp 8 none
fp 9 none
fp 10 none
fp 11 none
fp 12 none
fp 13 none
fp 14 none
fp 15 none
fp 16 none
fp 17 none
fp 18 none
fp 19 none
fp 20 none
fp 21 none
fp 22 none
fp 23 none
fp 24 none
fp 25 none
fp 26 none
ft 0 +0.000000 +0.000000 +0.000000 +0.000000 +0.000000 +0.000000 +0.000000 +0.000000 +0.000000 +0.000000 +0.000000 +0.000000 +0.000000 +0.000000 +0.000000 +0.000000 +0.000000 +0.000000 +0.000000 +0.000000 +0.000000 +0.000000 +0.000000 +0.000000 +0.000000 +0.000000 +0.000000 +0.000000 +0.000000 +0.000000 +0.000000 +0.000000 +0.000000 +0.000000 +0.000000 +0.000000
ft 1 +0.000000 +0.000000 +0.000000 +0.000000 +0.000000 +0.000000 +0.000000 +0.000000 +0.000000 +0.000000 +0.000000 +0.000000 +0.000000 +0.000000 +0.000000 +0.000000 +0.000000 +0.000000 +0.000000 +0.000000 +0.000000 +0.000000 +0.000000 +0.000000 +0.000000 +0.000000 +0.000000 +0.000000 +0.000000 +0.000000 +0.000000 +0.000000 +0.000000 +0.000000 +0.000000 +0.000000
ft 2 +0.000000 +0.000000 +0.000000 +0.000000 +0.000000 +0.000000 +0.000000 +0.000000 +0.000000 +0.000000 +0.000000 +0.000000 +0.000000 +0.000000 +0.000000 +0.000000 +0.000000 +0.000000 +0.000000 +0.000000 +0.000000 +0.000000 +0.000000 +0.000000 +0.000000 +0.000000 +0.000000 +0.000000 +0.000000 +0.000000 +0.000000 +0.000000 +0.000000 +0.000000 +0.000000 +0.000000
ft 3 +0.000000 +0.000000 +0.000000 +0.000000 +0.000000 +0.000000 +0.000000 +0.000000 +0.000000 +0.000000 +0.000000 +0.000000 +0.000000 +0.000000 +0.000000 +0.000000 +0.000000 +0.000000 +0.000000 +0.000000 +0.000000 +0.000000 +0.000000 +0.000000 +0.000000 +0.000000 +0.000000 +0.000000 +0.000000 +0.000000 +0.000000 +0.000000 +0.000000 +0.000000 +0.000000 +0.000000
ft 4 +0.000000 +0.000000 +0.000000 +0.000000 +0.000000 +0.000000 +0.000000 +0.000000 +0.000000 +0.000000 +0.000000 +0.000000 +0.000000 +0.000000 +0.000000 +0.000000 +0.000000 +0.000000 +0.000000 +0.000000 +0.000000 +0.000000 +0.000000 +0.000000 +0.000000 +0.000000 +0.000000 +0.000000 +0.000000 +0.000000 +0.000000 +0.000000 +0.000000 +0.000000 +0.000000 +0.000000
ft 5 +0.000000 +0.000000 +0.000000 +0.000000 +0.000000 +0.000000 +0.000000 +0.000000 +0.000000 +0.000000 +0.000000 +0.000000 +0.000000 +0.000000 +0.000000 +0.000000 +0.000000 +0.000000 +0.000000 +0.000000 +0.000000 +0.000000 +0.000000 +0.000000 +0.000000 +0.000000 +0.000000 +0.000000 +0.000000 +0.000000 +0.000000 +0.000000 +0.000000 +0.000000 +0.000000 +0.000000
ft 6 +0.000000 +0.000000 +0.000000 +0.000000 +0.000000 +0.000000 +0.000000 +0.000000 +0.000000 +0.000000 +0.000000 +0.000000 +0.000000 +0.000000 +0.000000 +0.000000 +0.000000 +0.000000 +0.000000 +0.000000 +0.000000 +0.000000 +0.000000 +0.000000 +0.000000 +0.000000 +0.000000 +0.000000 +0.000000 +0.000000 +0.000000 +0.000000 +0.000000 +0.000000 +0.000000 +0.000000
ft 7 +0.000000 +0.000000 +0.000000 +0.000000 +0.000000 +0.000000 +0.000000 +0.000000 +0.000000 +0.000000 +0.000000 +0.000000 +0.000000 +0.000000 +0.000000 +0.000000 +0.000000 +0.000000 +0.000000 +0.000000 +0.000000 +0.000000 +0.000000 +0.000000 +0.000000 +0.000000 +0.000000 +0.000000 +0.000000 +0.000000 +0.000000 +0.000000 +0.000000 +0.000000 +0.000000 +0.000000
ft 8 +0.000000 +0.000000 +0.000000 +0.000000 +0.000000 +0.000000 +0.000000 +0.000000 +0.000000 +0.000000 +0.000000 +0.000000 +0.000000 +0.000000 +0.000000 +0.000000 +0.000000 +0.000000 +0.000000 +0.000000 +0.000000 +0.000000 +0.000000 +0.000000 +0.000000 +0.000000 +0.000000 +0.000000 +0.000000 +0.000000 +0.000000 +0.000000 +0.000000 +0.000000 +0.000000 +0.000000
ft 9 +0.000000 +0.000000 +0.000000 +0.000000 +0.000000 +0.000000 +0.000000 +0.000000 +0.000000 +0.000000 +0.000000 +0.000000 +0.000000 +0.000000 +0.000000 +0.000000 +0.000000 +0.000000 +0.000000 +0.000000 +0.000000 +0.000000 +0.000000 +0.000000 +0.000000 +0.000000 +0.000000 +0.000000 +0.000000 +0.000000 +0.000000 +0.000000 +0.000000 +0.000000 +0.000000 +0.000000
ft 10 +0.000000 +0.000000 +0.000000 +0.000000 +0.000000 +0.000000 +0.000000 +0.000000 +0.000000 +0.000000 +0.000000 +0.000000 +0.000000 +0.000000 +0.000000 +0.000000 +0.000000 +0.000000 +0.000000 +0.000000 +0.000000 +0.000000 +0.000000 +0.000000 +0.000000 +0.000000 +0.000000 +0.000000 +0.000000 +0.000000 +0.000000 +0.000000 +0.000000 +0.000000 +0.000000 +0.000000
ft 11 +0.000000 +0.000000 +0.000000 +0.000000 +0.000000 +0.000000 +0.000000 +0.000000 +0.000000 +0.000000 +0.000000 +0.000000 +0.000000 +0.000000 +0.000000 +0.000000 +0.000000 +0.000000 +0.000000 +0.000000 +0.000000 +0.000000 +0.000000 +0.000000 +0.000000 +0.000000 +0.000000 +0.000000 +0.000000 +0.000000 +0.000000 +0.000000 +0.000000 +0.000000 +0.000000 +0.000000
ft 12 +0.000000 +0.000000 +0.000000 +0.000000 +0.000000 +0.000000 +0.000000 +0.000000 +0.000000 +0.000000 +0.000000 +0.000000 +0.000000 +0.000000 +0.000000 +0.000000 +0.000000 +0.000000 +0.000000 +0.000000 +0.000000 +0.000000 +0.000000 +0.000000 +0.000000 +0.000000 +0.000000 +0.000000 +0.000000 +0.000000 +0.000000 +0.000000 +0.000000 +0.000000 +0.000000 +0.000000
ft 13 +0.000000 +0.000000 +0.000000 +0.000000 +0.000000 +0.000000 +0.000000 +0.000000 +0.000000 +0.000000 +0.000000 +0.000000 +0.000000 +0.000000 +0.000000 +0.000000 +0.000000 +0.000000 +0.000000 +0.000000 +0.000000 +0.000000 +0.000000 +0.000000 +0.000000 +0.000000 +0.000000 +0.000000 +0.000000 +0.000000 +0.000000 +0.000000 +0.000000 +0.000000 +0.000000 +0.000000
ft 14 +0.000000 +0.000000 +0.000000 +0.000000 +0.000000 +0.000000 +0.000000 +0.000000 +0.000000 +0.000000 +0.000000 +0.000000 +0.000000 +0.000000 +0.000000 +0.000000 +0.000000 +0.000000 +0.000000 +0.000000 +0.000000 +0.000000 +0.000000 +0.000000 +0.000000 +0.000000 +0.000000 +0.000000 +0.000000 +0.000000 +0.000000 +0.000000 +0.000000 +0.000000 +0.000000 +0.000000
ft 15 +0.000000 +0.000000 +0.000000 +0.000000 +0.000000 +0.000000 +0.000000 +0.000000 +0.000000 +0.000000 +0.000000 +0.000000 +0.000000 +0.000000 +0.000000 +0.000000 +0.000000 +0.000000 +0.000000 +0.000000 +0.000000 +0.000000 +0.000000 +0.000000 +0.000000 +0.000000 +0.000000 +0.000000 +0.000000 +0.000000 +0.000000 +0.000000 +0.000000 +0.000000 +0.000000 +0.000000
ft 16 +0.000000 +0.000000 +0.000000 +0.000000 +0.000000 +0.000000 +0.000000 +0.000000 +0.000000 +0.000000 +0.000000 +0.000000 +0.000000 +0.000000 +0.000000 +0.000000 +0.000000 +0.000000 +0.000000 +0.000000 +0.000000 +0.000000 +0.000000 +0.000000 +0.000000 +0.000000 +0.000000 +0.000000 +0.000000 +0.000000 +0.000000 +0.000000 +0.000000 +0.000000 +0.000000 +0.000000
ft 17 +0.000000 +0.000000 +0.000000 +0.000000 +0.000000 +0.000000 +0.000000 +0.000000 +0.000000 +0.000000 +0.000000 +0.000000 +0.000000 +0.000000 +0.000000 +0.000000 +0.000000 +0.000000 +0.000000 +0.000000 +0.000000 +0.000000 +0.000000 +0.000000 +0.000000 +0.000000 +0.000000 +0.000000 +0.000000 +0.000000 +0.000000 +0.000000 +0.000000 +0.000000 +0.000000 +0.000000
ft 18 +0.000000 +0.000000 +0.000000 +0.000000 +0.000000 +0.000000 +0.000000 +0.000000 +0.000000 +0.000000 +0.000000 +0.000000 +0.000000 +0.000000 +0.000000 +0.000000 +0.000000 +0.000000 +0.000000 +0.000000 +0.000000 +0.000000 +0.000000 +0.000000 +0.000000 +0.000000 +0.000000 +0.000000 +0.000000 +0.000000 +0.000000 +0.000000 +0.000000 +0.000000 +0.000000 +0.000000
ft 19 +0.000000 +0.000000 +0.000000 +0.000000 +0.000000 +0.000000 +0.000000 +0.000000 +0.000000 +0.000000 +0.000000 +0.000000 +0.000000 +0.000000 +0.000000 +0.000000 +0.000000 +0.000000 +0.000000 +0.000000 +0.000000 +0.000000 +0.000000 +0.000000 +0.000000 +0.000000 +0.000000 +0.000000 +0.000000 +0.000000 +0.000000 +0.000000 +0.000000 +0.000000 +0.000000 +0.000000
ft 20 +0.000000 +0.000000 +0.000000 +0.000000 +0.000000 +0.000000 +0.000000 +0.000000 +0.000000 +0.000000 +0.000000 +0.000000 +0.000000 +0.000000 +0.000000 +0.000000 +0.000000 +0.000000 +0.000000 +0.000000 +0.000000 +0.000000 +0.000000 +0.000000 +0.000000 +0.000000 +0.000000 +0.000000 +0.000000 +0.000000 +0.000000 +0.000000 +0.000000 +0.000000 +0.000000 +0.000000
ft 21 +0.000000 +0.000000 +0.000000 +0.000000 +0.000000 +0.000000 +0.000000 +0.000000 +0.000000 +0.000000 +0.000000 +0.000000 +0.000000 +0.000000 +0.000000 +0.000000 +0.000000 +0.000000 +0.000000 +0.000000 +0.000000 +0.000000 +0.000000 +0.000000 +0.000000 +0.000000 +0.000000 +0.000000 +0.000000 +0.000000 +0.000000 +0.000000 +0.000000 +0.000000 +0.000000 +0.000000
ft 22 +0.000000 +0.000000 +0.000000 +0.000000 +0.000000 +0.000000 +0.000000 +0.000000 +0.000000 +0.000000 +0.000000 +0.000000 +0.000000 +0.000000 +0.000000 +0.000000 +0.000000 +0.000000 +0.000000 +0.000000 +0.000000 +0.000000 +0.000000 +0.000000 +0.000000 +0.000000 +0.000000 +0.000000 +0.000000 +0.000000 +0.000000 +0.000000 +0.000000 +0.000000 +0.000000 +0.000000
ft 23 +0.000000 +0.000000 +0.000000 +0.000000 +0.000000 +0.000000 +0.000000 +0.000000 +0.000000 +0.000000 +0.000000 +0.000000 +0.000000 +0.000000 +0.000000 +0.000000 +0.000000 +0.000000 +0.000000 +0.000000 +0.000000 +0.000000 +0.000000 +0.000000 +0.000000 +0.000000 +0.000000 +0.000000 +0.000000 +0.000000 +0.000000 +0.000000 +0.000000 +0.000000 +0.000000 +0.000000
ft 24 +0.000000 +0.000000 +0.000000 +0.000000 +0.000000 +0.000000 +0.000000 +0.000000 +0.000000 +0.000000 +0.000000 +0.000000 +0.000000 +0.000000 +0.000000 +0.000000 +0.000000 +0.000000 +0.000000 +0.000000 +0.000000 +0.000000 +0.000000 +0.000000 +0.000000 +0.000000 +0.000000 +0.000000 +0.000000 +0.000000 +0.000000 +0.000000 +0.000000 +0.000000 +0.000000 +0.000000
ft 25 +0.000000 +0.000000 +0.000000 +0.000000 +0.000000 +0.000000 +0.000000 +0.000000 +0.000000 +0.000000 +0.000000 +0.000000 +0.000000 +0.000000 +0.000000 +0.000000 +0.000000 +0.000000 +0.000000 +0.000000 +0.000000 +0.000000 +0.000000 +0.000000 +0.000000 +0.000000 +0.000000 +0.000000 +0.000000 +0.000000 +0.000000 +0.000000 +0.000000 +0.000000 +0.000000 +0.000000
ft 26 +0.000000 +0.000000 +0.000000 +0.000000 +0.000000 +0.000000 +0.000000 +0.000000 +0.000000 +0.000000 +0.000000 +0.000000 +0.000000 +0.000000 +0.000000 +0.000000 +0.000000 +0.000000 +0.000000 +0.000000 +0.000000 +0.000000 +0.000000 +0.000000 +0.000000 +0.000000 +0.000000 +0.000000 +0.000000 +0.000000 +0.000000 +0.000000 +0.000000 +0.000000 +0.000000 +0.000000
sedge 

[body 31] 45
| %.t190 = @offset < 0
| branch_zero %.t190 -> ir_if_next_166
| return -1
| label ir_if_next_166
| %.t193 = @buf_len < 0
| branch_zero %.t193 -> ir_if_next_170
| return -1
| label ir_if_next_170
| %.t196 = @offset > @buf_len
| branch_zero %.t196 -> ir_if_next_174
| return -1
| label ir_if_next_174
| local @i : int32
| @i <- 0
| label ir_while_177
| %.t199 = @needle + 8
| %.t200 <- *%.t199 [8]
| %.t201 = @i < %.t200
| branch_zero %.t201 -> ir_errdefer_ok_187
| %.t202 = @offset + @i
| %.t203 = %.t202 >= @buf_len
| branch_zero %.t203 -> ir_if_next_180
| return -1
| label ir_if_next_180
| %.t206 = @offset + @i
| %.t208 = @buf + %.t206
| %.t209 <- *%.t208 [1]
| %.t211 <- *@needle [8]
| %.t213 = %.t211 + @i
| %.t214 <- *%.t213 [1]
| %.t215 = %.t209 != %.t214
| branch_zero %.t215 -> ir_if_next_184
| %.t216 = @offset + @i
| %.t218 = @buf + %.t216
| %.t219 <- *%.t218 [1]
| %.t221 <- *@needle [8]
| %.t223 = %.t221 + @i
| %.t224 <- *%.t223 [1]
| %.t225 = %.t219 - %.t224
| return %.t225
| label ir_if_next_184
| @i = @i + 1
| jump ir_while_177
| label ir_errdefer_ok_187
| return 0
leaves %.t200 %.t209 %.t211 %.t214 %.t219 %.t221 %.t224 @buf @buf_len @i @needle @offset
fp 0 0000000000000000 0000000000000000 0000000000000000 0000000000000000 0000000000000000 0000000000000001 0000000000000001 0000000000000000
fp 1 none
fp 2 none
fp 3 none
fp 4 0000000000000000 0000000000000000 0000000000000000 0000000000000000 0000000000000000 0000000000000000 0000000000000001 0000000000000000
fp 5 none
fp 6 none
fp 7 none
fp 8 0000000000000000 0000000000000000 0000000000000001 0000000000000000 0000000000000000 0000000000000000 0000000000000001 0000000000000000
fp 9 none
fp 10 none
fp 11 none
fp 12 none
fp 13 none
fp 14 none
fp 15 0000000000000008 0000000000000009 0000000000000009 0000000000000008 000000000000000b 5175272204f546df 3944ca07893a62fd d91a95b86b252efb
fp 16 none
fp 17 0000000000000000 0000000000000000 0000000000000000 0000000000000001 0000000000000001 0000000000000001 0000000000000001 0000000000000001
fp 18 none
fp 19 0000000000000000 0000000000000002 0000000000000005 0000000000000000 0000000000000001 54b23262f58e7d59 23a26a536dc5dbfd 0f238f181d32fe47
fp 20 0000000000000001 0000000000000001 0000000000000001 0000000000000000 0000000000000000 0000000000000000 0000000000000001 0000000000000000
fp 21 none
fp 22 none
fp 23 none
fp 24 0000000000000000 0000000000000002 0000000000000005 0000000000000000 0000000000000001 54b23262f58e7d59 23a26a536dc5dbfd 0f238f181d32fe47
fp 25 0000000000000000 0000000000000003 0000000000000007 0000000000000001 0000000000000003 7542861f7a2b35ff e89eac21cb625bc1 55ef2f78317d36ba
fp 26 none
fp 27 none
fp 28 0000000000000000 0000000000000002 0000000000000004 0000000000000002 0000000000000003 0508f764f43069d9 4f4ec57b2b26e9b5 7299b8aebc554816
fp 29 none
fp 30 0000000000000000 0000000000000000 0000000000000001 0000000000000001 0000000000000000 0000000000000001 0000000000000001 0000000000000001
fp 31 none
fp 32 0000000000000000 0000000000000002 0000000000000005 0000000000000000 0000000000000001 54b23262f58e7d59 23a26a536dc5dbfd 0f238f181d32fe47
fp 33 0000000000000000 0000000000000003 0000000000000007 0000000000000001 0000000000000003 7542861f7a2b35ff e89eac21cb625bc1 55ef2f78317d36ba
fp 34 none
fp 35 none
fp 36 0000000000000000 0000000000000002 0000000000000005 0000000000000003 0000000000000001 381b768d00d2f194 61b5d36364278e2e 117b843c645ca943
fp 37 none
fp 38 0000000000000000 0000000000000000 0000000000000000 0000000000000001 0000000000000000 6ec300417bcc0875 5832c6a1069b85a0 21d1449ea95eb386
fp 39 none
fp 40 none
fp 41 none
fp 42 none
fp 43 none
fp 44 none
ft 0 +0.550235 +0.174958 -0.959893 -0.888386 +0.259120 +0.888386 +0.550235 -0.485633 -0.259120 +0.868225 +0.844723 -0.174958 +0.844723 +0.983231 +0.000000 +0.844723 +0.259120 +0.817439 +0.817439 -0.932781 +0.868225 +0.088159 -0.415253 +0.991697 +0.259120 +0.415253 +0.905617 +0.708360 -0.415253 -0.708360 +0.485633 +0.976204 +0.000000 +0.000000 +0.000000 +0.000000
ft 1 +0.000000 +0.000000 +0.000000 +0.000000 +0.000000 +0.000000 +0.000000 +0.000000 +0.000000 +0.000000 +0.000000 +0.000000 +0.000000 +0.000000 +0.000000 +0.000000 +0.000000 +0.000000 +0.000000 +0.000000 +0.000000 +0.000000 +0.000000 +0.000000 +0.000000 +0.000000 +0.000000 +0.000000 +0.000000 +0.000000 +0.000000 +0.000000 +0.000000 +0.000000 +0.000000 +0.000000
ft 2 +0.000000 +0.000000 +0.000000 +0.000000 +0.000000 +0.000000 +0.000000 +0.000000 +0.000000 +0.000000 +0.000000 +0.000000 +0.000000 +0.000000 +0.000000 +0.000000 +0.000000 +0.000000 +0.000000 +0.000000 +0.000000 +0.000000 +0.000000 +0.000000 +0.000000 +0.000000 +0.000000 +0.000000 +0.000000 +0.000000 +0.000000 +0.000000 +0.000000 +0.000000 +0.000000 +0.000000
ft 3 +0.000000 +0.000000 +0.000000 +0.000000 +0.000000 +0.000000 +0.000000 +0.000000 +0.000000 +0.000000 +0.000000 +0.000000 +0.000000 +0.000000 +0.000000 +0.000000 +0.000000 +0.000000 +0.000000 +0.000000 +0.000000 +0.000000 +0.000000 +0.000000 +0.000000 +0.000000 +0.000000 +0.000000 +0.000000 +0.000000 +0.000000 +0.000000 +0.000000 +0.000000 +0.000000 +0.000000
ft 4 +0.485633 +0.259120 -0.952322 -0.868225 +0.339523 +0.868225 +0.608859 -0.415253 -0.174958 +0.844723 +0.868225 -0.088159 +0.868225 +0.985929 -0.088159 +0.817439 +0.174958 +0.785916 +0.844723 -0.943364 +0.888386 +0.174958 -0.339523 +0.993037 +0.174958 +0.485633 +0.888386 +0.749701 -0.339523 -0.661511 +0.415253 +0.971668 +0.000000 +0.000000 +0.000000 +0.000000
ft 5 +0.000000 +0.000000 +0.000000 +0.000000 +0.000000 +0.000000 +0.000000 +0.000000 +0.000000 +0.000000 +0.000000 +0.000000 +0.000000 +0.000000 +0.000000 +0.000000 +0.000000 +0.000000 +0.000000 +0.000000 +0.000000 +0.000000 +0.000000 +0.000000 +0.000000 +0.000000 +0.000000 +0.000000 +0.000000 +0.000000 +0.000000 +0.000000 +0.000000 +0.000000 +0.000000 +0.000000
ft 6 +0.000000 +0.000000 +0.000000 +0.000000 +0.000000 +0.000000 +0.000000 +0.000000 +0.000000 +0.000000 +0.000000 +0.000000 +0.000000 +0.000000 +0.000000 +0.000000 +0.000000 +0.000000 +0.000000 +0.000000 +0.000000 +0.000000 +0.000000 +0.000000 +0.000000 +0.000000 +0.000000 +0.000000 +0.000000 +0.000000 +0.000000 +0.000000 +0.000000 +0.000000 +0.000000 +0.000000
ft 7 +0.000000 +0.000000 +0.000000 +0.000000 +0.000000 +0.000000 +0.000000 +0.000000 +0.000000 +0.000000 +0.000000 +0.000000 +0.000000 +0.000000 +0.000000 +0.000000 +0.000000 +0.000000 +0.000000 +0.000000 +0.000000 +0.000000 +0.000000 +0.000000 +0.000000 +0.000000 +0.000000 +0.000000 +0.000000 +0.000000 +0.000000 +0.000000 +0.000000 +0.000000 +0.000000 +0.000000
ft 8 +0.550235 +0.339523 -0.959893 -0.888386 +0.259120 +0.888386 +0.661511 -0.485633 -0.088159 +0.817439 +0.888386 -0.174958 +0.844723 +0.983231 +0.000000 +0.785916 +0.088159 +0.749701 +0.868225 -0.952322 +0.905617 +0.088159 -0.259120 +0.991697 +0.088159 +0.550235 +0.868225 +0.708360 -0.415253 -0.608859 +0.339523 +0.976204 +0.000000 +0.000000 +0.000000 +0.000000
ft 9 +0.000000 +0.000000 +0.000000 +0.000000 +0.000000 +0.000000 +0.000000 +0.000000 +0.000000 +0.000000 +0.000000 +0.000000 +0.000000 +0.000000 +0.000000 +0.000000 +0.000000 +0.000000 +0.000000 +0.000000 +0.000000 +0.000000 +0.000000 +0.000000 +0.000000 +0.000000 +0.000000 +0.000000 +0.000000 +0.000000 +0.000000 +0.000000 +0.000000 +0.000000 +0.000000 +0.000000
ft 10 +0.000000 +0.000000 +0.000000 +0.000000 +0.000000 +0.000000 +0.000000 +0.000000 +0.000000 +0.000000 +0.000000 +0.000000 +0.000000 +0.000000 +0.000000 +0.000000 +0.000000 +0.000000 +0.000000 +0.000000 +0.000000 +0.000000 +0.000000 +0.000000 +0.000000 +0.000000 +0.000000 +0.000000 +0.000000 +0.000000 +0.000000 +0.000000 +0.000000 +0.000000 +0.000000 +0.000000
ft 11 +0.000000 +0.000000 +0.000000 +0.000000 +0.000000 +0.000000 +0.000000 +0.000000 +0.000000 +0.000000 +0.000000 +0.000000 +0.000000 +0.000000 +0.000000 +0.000000 +0.000000 +0.000000 +0.000000 +0.000000 +0.000000 +0.000000 +0.000000 +0.000000 +0.000000 +0.000000 +0.000000 +0.000000 +0.000000 +0.000000 +0.000000 +0.000000 +0.000000 +0.000000 +0.000000 +0.000000
ft 12 +0.000000 +0.000000 +0.000000 +0.000000 +0.000000 +0.000000 +0.000000 +0.000000 +0.000000 +0.000000 +0.000000 +0.000000 +0.000000 +0.000000 +0.000000 +0.000000 +0.000000 +0.000000 +0.000000 +0.000000 +0.000000 +0.000000 +0.000000 +0.000000 +0.000000 +0.000000 +0.000000 +0.000000 +0.000000 +0.000000 +0.000000 +0.000000 +0.000000 +0.000000 +0.000000 +0.000000
ft 13 +0.000000 +0.000000 +0.000000 +0.000000 +0.000000 +0.000000 +0.000000 +0.000000 +0.000000 +0.000000 +0.000000 +0.000000 +0.000000 +0.000000 +0.000000 +0.000000 +0.000000 +0.000000 +0.000000 +0.000000 +0.000000 +0.000000 +0.000000 +0.000000 +0.000000 +0.000000 +0.000000 +0.000000 +0.000000 +0.000000 +0.000000 +0.000000 +0.000000 +0.000000 +0.000000 +0.000000
ft 14 +0.000000 +0.000000 +0.000000 +0.000000 +0.000000 +0.000000 +0.000000 +0.000000 +0.000000 +0.000000 +0.000000 +0.000000 +0.000000 +0.000000 +0.000000 +0.000000 +0.000000 +0.000000 +0.000000 +0.000000 +0.000000 +0.000000 +0.000000 +0.000000 +0.000000 +0.000000 +0.000000 +0.000000 +0.000000 +0.000000 +0.000000 +0.000000 +0.000000 +0.000000 +0.000000 +0.000000
ft 15 +0.608859 -0.259120 -0.259120 +0.749701 +0.174958 -0.550235 +0.888386 -0.817439 -0.844723 +0.844723 +0.905617 +0.259120 -0.415253 +0.608859 +0.550235 +0.259120 -0.174958 +0.485633 -0.174958 -0.339523 +0.844723 +0.000000 +0.000000 +0.959893 -0.174958 -0.174958 +0.708360 +0.259120 -0.920301 -0.088159 -0.661511 +0.608859 +0.000000 +0.000000 +0.000000 +0.000000
ft 16 +0.000000 +0.000000 +0.000000 +0.000000 +0.000000 +0.000000 +0.000000 +0.000000 +0.000000 +0.000000 +0.000000 +0.000000 +0.000000 +0.000000 +0.000000 +0.000000 +0.000000 +0.000000 +0.000000 +0.000000 +0.000000 +0.000000 +0.000000 +0.000000 +0.000000 +0.000000 +0.000000 +0.000000 +0.000000 +0.000000 +0.000000 +0.000000 +0.000000 +0.000000 +0.000000 +0.000000
ft 17 +0.485633 +0.415253 -0.932781 -0.932781 +0.339523 +0.868225 +0.485633 -0.259120 -0.339523 +0.844723 +0.868225 -0.088159 +0.868225 +0.980021 -0.259120 +0.817439 +0.339523 +0.888386 +0.785916 -0.888386 +0.844723 +0.174958 -0.339523 +0.993037 +0.174958 +0.339523 +0.888386 +0.661511 -0.339523 -0.749701 +0.661511 +0.971668 +0.000000 +0.000000 +0.000000 +0.000000
ft 18 +0.000000 +0.000000 +0.000000 +0.000000 +0.000000 +0.000000 +0.000000 +0.000000 +0.000000 +0.000000 +0.000000 +0.000000 +0.000000 +0.000000 +0.000000 +0.000000 +0.000000 +0.000000 +0.000000 +0.000000 +0.000000 +0.000000 +0.000000 +0.000000 +0.000000 +0.000000 +0.000000 +0.000000 +0.000000 +0.000000 +0.000000 +0.000000 +0.000000 +0.000000 +0.000000 +0.000000
ft 19 -0.339523 +0.088159 -0.983231 -0.550235 +0.485633 -0.550235 -0.174958 -0.259120 -0.708360 +0.785916 +0.550235 -0.088159 +0.661511 +0.980021 +0.952322 +0.817439 +0.485633 +0.708360 -0.339523 -0.339523 +0.844723 -0.174958 +0.959893 +0.959893 +0.485633 +0.608859 +0.943364 -0.550235 -0.785916 +0.088159 +0.976204 +0.708360 +0.000000 +0.000000 +0.000000 +0.000000
ft 20 +0.550235 +0.174958 -0.959893 -0.888386 +0.259120 +0.888386 +0.749701 -0.485633 -0.259120 +0.817439 +0.844723 +0.000000 +0.785916 +0.983231 -0.174958 +0.844723 +0.088159 +0.749701 +0.817439 -0.966282 +0.905617 -0.088159 -0.088159 +0.988196 -0.088159 +0.415253 +0.868225 +0.608859 -0.259120 -0.608859 +0.339523 +0.983231 +0.000000 +0.000000 +0.000000 +0.000000
ft 21 +0.000000 +0.000000 +0.000000 +0.000000 +0.000000 +0.000000 +0.000000 +0.000000 +0.000000 +0.000000 +0.000000 +0.000000 +0.000000 +0.000000 +0.000000 +0.000000 +0.000000 +0.000000 +0.000000 +0.000000 +0.000000 +0.000000 +0.000000 +0.000000 +0.000000 +0.000000 +0.000000 +0.000000 +0.000000 +0.000000 +0.000000 +0.000000 +0.000000 +0.000000 +0.000000 +0.000000
ft 22 +0.000000 +0.000000 +0.000000 +0.000000 +0.000000 +0.000000 +0.000000 +0.000000 +0.000000 +0.000000 +0.000000 +0.000000 +0.000000 +0.000000 +0.000000 +0.000000 +0.000000 +0.000000 +0.000000 +0.000000 +0.000000 +0.000000 +0.000000 +0.000000 +0.000000 +0.000000 +0.000000 +0.000000 +0.000000 +0.000000 +0.000000 +0.000000 +0.000000 +0.000000 +0.000000 +0.000000
ft 23 +0.000000 +0.000000 +0.000000 +0.000000 +0.000000 +0.000000 +0.000000 +0.000000 +0.000000 +0.000000 +0.000000 +0.000000 +0.000000 +0.000000 +0.000000 +0.000000 +0.000000 +0.000000 +0.000000 +0.000000 +0.000000 +0.000000 +0.000000 +0.000000 +0.000000 +0.000000 +0.000000 +0.000000 +0.000000 +0.000000 +0.000000 +0.000000 +0.000000 +0.000000 +0.000000 +0.000000
ft 24 -0.339523 +0.088159 -0.983231 -0.550235 +0.485633 -0.550235 -0.174958 -0.259120 -0.708360 +0.785916 +0.550235 -0.088159 +0.661511 +0.980021 +0.952322 +0.817439 +0.485633 +0.708360 -0.339523 -0.339523 +0.844723 -0.174958 +0.959893 +0.959893 +0.485633 +0.608859 +0.943364 -0.550235 -0.785916 +0.088159 +0.976204 +0.708360 +0.000000 +0.000000 +0.000000 +1.000000
ft 25 -0.485633 -0.550235 -0.817439 -0.088159 +0.985929 +0.088159 -0.708360 -0.749701 -0.971668 +0.888386 +0.661511 +0.259120 +0.259120 +0.959893 -0.905617 +0.259120 +0.608859 +0.000000 -0.708360 +0.708360 +0.993037 +0.608859 +0.174958 +0.959893 +0.920301 +0.785916 -0.339523 -0.415253 -0.920301 -0.868225 +0.817439 +0.943364 +0.000000 +0.000000 +0.000000 +0.000000
ft 26 +0.000000 +0.000000 +0.000000 +0.000000 +0.000000 +0.000000 +0.000000 +0.000000 +0.000000 +0.000000 +0.000000 +0.000000 +0.000000 +0.000000 +0.000000 +0.000000 +0.000000 +0.000000 +0.000000 +0.000000 +0.000000 +0.000000 +0.000000 +0.000000 +0.000000 +0.000000 +0.000000 +0.000000 +0.000000 +0.000000 +0.000000 +0.000000 +0.000000 +0.000000 +0.000000 +0.000000
ft 27 +0.000000 +0.000000 +0.000000 +0.000000 +0.000000 +0.000000 +0.000000 +0.000000 +0.000000 +0.000000 +0.000000 +0.000000 +0.000000 +0.000000 +0.000000 +0.000000 +0.000000 +0.000000 +0.000000 +0.000000 +0.000000 +0.000000 +0.000000 +0.000000 +0.000000 +0.000000 +0.000000 +0.000000 +0.000000 +0.000000 +0.000000 +0.000000 +0.000000 +0.000000 +0.000000 +0.000000
ft 28 -0.174958 +0.259120 -0.749701 -0.661511 +0.959893 +0.259120 +0.174958 +0.259120 -0.608859 +0.339523 +0.868225 -0.749701 +0.259120 +0.920301 +0.415253 +0.259120 +0.920301 +0.708360 -0.485633 -0.708360 +0.708360 +0.485633 -0.174958 +0.708360 -0.785916 +0.339523 +0.485633 -0.550235 -0.844723 +0.415253 +0.661511 +0.920301 +0.000000 +0.000000 +0.000000 +0.000000
ft 29 +0.000000 +0.000000 +0.000000 +0.000000 +0.000000 +0.000000 +0.000000 +0.000000 +0.000000 +0.000000 +0.000000 +0.000000 +0.000000 +0.000000 +0.000000 +0.000000 +0.000000 +0.000000 +0.000000 +0.000000 +0.000000 +0.000000 +0.000000 +0.000000 +0.000000 +0.000000 +0.000000 +0.000000 +0.000000 +0.000000 +0.000000 +0.000000 +0.000000 +0.000000 +0.000000 +0.000000
ft 30 +0.608859 +0.415253 -0.952322 -0.932781 +0.339523 +0.905617 +0.608859 -0.415253 -0.339523 +0.844723 +0.868225 -0.259120 +0.817439 +0.980021 -0.088159 +0.749701 +0.339523 +0.844723 +0.785916 -0.920301 +0.888386 +0.000000 -0.339523 +0.993037 +0.174958 +0.485633 +0.888386 +0.661511 -0.339523 -0.661511 +0.550235 +0.980021 +0.000000 +0.000000 +0.000000 +0.000000
ft 31 +0.000000 +0.000000 +0.000000 +0.000000 +0.000000 +0.000000 +0.000000 +0.000000 +0.000000 +0.000000 +0.000000 +0.000000 +0.000000 +0.000000 +0.000000 +0.000000 +0.000000 +0.000000 +0.000000 +0.000000 +0.000000 +0.000000 +0.000000 +0.000000 +0.000000 +0.000000 +0.000000 +0.000000 +0.000000 +0.000000 +0.000000 +0.000000 +0.000000 +0.000000 +0.000000 +0.000000
ft 32 -0.339523 +0.088159 -0.983231 -0.550235 +0.485633 -0.550235 -0.174958 -0.259120 -0.708360 +0.785916 +0.550235 -0.088159 +0.661511 +0.980021 +0.952322 +0.817439 +0.485633 +0.708360 -0.339523 -0.339523 +0.844723 -0.174958 +0.959893 +0.959893 +0.485633 +0.608859 +0.943364 -0.550235 -0.785916 +0.088159 +0.976204 +0.708360 +0.000000 +0.000000 +0.000000 +1.000000
ft 33 -0.485633 -0.550235 -0.817439 -0.088159 +0.985929 +0.088159 -0.708360 -0.749701 -0.971668 +0.888386 +0.661511 +0.259120 +0.259120 +0.959893 -0.905617 +0.259120 +0.608859 +0.000000 -0.708360 +0.708360 +0.993037 +0.608859 +0.174958 +0.959893 +0.920301 +0.785916 -0.339523 -0.415253 -0.920301 -0.868225 +0.817439 +0.943364 +0.000000 +0.000000 +0.000000 +1.000000
ft 34 +0.000000 +0.000000 +0.000000 +0.000000 +0.000000 +0.000000 +0.000000 +0.000000 +0.000000 +0.000000 +0.000000 +0.000000 +0.000000 +0.000000 +0.000000 +0.000000 +0.000000 +0.000000 +0.000000 +0.000000 +0.000000 +0.000000 +0.000000 +0.000000 +0.000000 +0.000000 +0.000000 +0.000000 +0.000000 +0.000000 +0.000000 +0.000000 +0.000000 +0.000000 +0.000000 +0.000000
ft 35 +0.000000 +0.000000 +0.000000 +0.000000 +0.000000 +0.000000 +0.000000 +0.000000 +0.000000 +0.000000 +0.000000 +0.000000 +0.000000 +0.000000 +0.000000 +0.000000 +0.000000 +0.000000 +0.000000 +0.000000 +0.000000 +0.000000 +0.000000 +0.000000 +0.000000 +0.000000 +0.000000 +0.000000 +0.000000 +0.000000 +0.000000 +0.000000 +0.000000 +0.000000 +0.000000 +0.000000
ft 36 +0.259120 -0.339523 -0.980021 +0.339523 +0.661511 +0.708360 +0.088159 +0.339523 -0.868225 +0.088159 +0.985929 +0.174958 +0.485633 +0.817439 +0.708360 -0.485633 +0.259120 +0.661511 -0.905617 -0.661511 +0.550235 +0.905617 -0.088159 +0.988196 -0.088159 +0.661511 +0.905617 +0.608859 -0.088159 +0.339523 +0.785916 +0.966282 +0.000000 +0.000000 +0.000000 +0.000000
ft 37 +0.000000 +0.000000 +0.000000 +0.000000 +0.000000 +0.000000 +0.000000 +0.000000 +0.000000 +0.000000 +0.000000 +0.000000 +0.000000 +0.000000 +0.000000 +0.000000 +0.000000 +0.000000 +0.000000 +0.000000 +0.000000 +0.000000 +0.000000 +0.000000 +0.000000 +0.000000 +0.000000 +0.000000 +0.000000 +0.000000 +0.000000 +0.000000 +0.000000 +0.000000 +0.000000 +0.000000
ft 38 -0.920301 -0.259120 -0.259120 -0.259120 +0.785916 +0.661511 +0.608859 +0.088159 -0.785916 +0.844723 +0.868225 -0.550235 -0.088159 +0.708360 +0.259120 +0.749701 -0.174958 -0.485633 +0.174958 +0.000000 +0.485633 +0.174958 -0.708360 +0.844723 +0.708360 +0.485633 +0.920301 +0.088159 -0.608859 +0.259120 +0.976204 +0.920301 +0.000000 +0.000000 +0.000000 +0.000000
ft 39 +0.000000 +0.000000 +0.000000 +0.000000 +0.000000 +0.000000 +0.000000 +0.000000 +0.000000 +0.000000 +0.000000 +0.000000 +0.000000 +0.000000 +0.000000 +0.000000 +0.000000 +0.000000 +0.000000 +0.000000 +0.000000 +0.000000 +0.000000 +0.000000 +0.000000 +0.000000 +0.000000 +0.000000 +0.000000 +0.000000 +0.000000 +0.000000 +0.000000 +0.000000 +0.000000 +0.000000
ft 40 +0.000000 +0.000000 +0.000000 +0.000000 +0.000000 +0.000000 +0.000000 +0.000000 +0.000000 +0.000000 +0.000000 +0.000000 +0.000000 +0.000000 +0.000000 +0.000000 +0.000000 +0.000000 +0.000000 +0.000000 +0.000000 +0.000000 +0.000000 +0.000000 +0.000000 +0.000000 +0.000000 +0.000000 +0.000000 +0.000000 +0.000000 +0.000000 +0.000000 +0.000000 +0.000000 +0.000000
ft 41 +0.000000 +0.000000 +0.000000 +0.000000 +0.000000 +0.000000 +0.000000 +0.000000 +0.000000 +0.000000 +0.000000 +0.000000 +0.000000 +0.000000 +0.000000 +0.000000 +0.000000 +0.000000 +0.000000 +0.000000 +0.000000 +0.000000 +0.000000 +0.000000 +0.000000 +0.000000 +0.000000 +0.000000 +0.000000 +0.000000 +0.000000 +0.000000 +0.000000 +0.000000 +0.000000 +0.000000
ft 42 +0.000000 +0.000000 +0.000000 +0.000000 +0.000000 +0.000000 +0.000000 +0.000000 +0.000000 +0.000000 +0.000000 +0.000000 +0.000000 +0.000000 +0.000000 +0.000000 +0.000000 +0.000000 +0.000000 +0.000000 +0.000000 +0.000000 +0.000000 +0.000000 +0.000000 +0.000000 +0.000000 +0.000000 +0.000000 +0.000000 +0.000000 +0.000000 +0.000000 +0.000000 +0.000000 +0.000000
ft 43 +0.000000 +0.000000 +0.000000 +0.000000 +0.000000 +0.000000 +0.000000 +0.000000 +0.000000 +0.000000 +0.000000 +0.000000 +0.000000 +0.000000 +0.000000 +0.000000 +0.000000 +0.000000 +0.000000 +0.000000 +0.000000 +0.000000 +0.000000 +0.000000 +0.000000 +0.000000 +0.000000 +0.000000 +0.000000 +0.000000 +0.000000 +0.000000 +0.000000 +0.000000 +0.000000 +0.000000
ft 44 +0.000000 +0.000000 +0.000000 +0.000000 +0.000000 +0.000000 +0.000000 +0.000000 +0.000000 +0.000000 +0.000000 +0.000000 +0.000000 +0.000000 +0.000000 +0.000000 +0.000000 +0.000000 +0.000000 +0.000000 +0.000000 +0.000000 +0.000000 +0.000000 +0.000000 +0.000000 +0.000000 +0.000000 +0.000000 +0.000000 +0.000000 +0.000000 +0.000000 +0.000000 +0.000000 +0.000000
sedge 19->24 24->32 25->33

[body 32] 4
| local @__inl_18_param_type : int32
| @__inl_18_param_type <- 0
| _ = mettle_tracy_plot_config(@name, 0, @step, @fill, @color)
| return _
leaves 
fp 0 none
fp 1 0000000000000000 0000000000000000 0000000000000000 0000000000000000 0000000000000000 0000000000000000 0000000000000000 0000000000000000
fp 2 none
fp 3 none
ft 0 +0.000000 +0.000000 +0.000000 +0.000000 +0.000000 +0.000000 +0.000000 +0.000000 +0.000000 +0.000000 +0.000000 +0.000000 +0.000000 +0.000000 +0.000000 +0.000000 +0.000000 +0.000000 +0.000000 +0.000000 +0.000000 +0.000000 +0.000000 +0.000000 +0.000000 +0.000000 +0.000000 +0.000000 +0.000000 +0.000000 +0.000000 +0.000000 +0.000000 +0.000000 +0.000000 +0.000000
ft 1 +0.550235 +0.339523 -0.959893 -0.844723 +0.415253 +0.844723 +0.550235 -0.485633 -0.088159 +0.868225 +0.844723 +0.000000 +0.844723 +0.983231 -0.174958 +0.844723 +0.088159 +0.817439 +0.868225 -0.952322 +0.868225 +0.259120 -0.415253 +0.991697 +0.088159 +0.415253 +0.905617 +0.785916 -0.415253 -0.608859 +0.339523 +0.966282 +1.000000 +0.000000 +1.000000 +0.000000
ft 2 +0.000000 +0.000000 +0.000000 +0.000000 +0.000000 +0.000000 +0.000000 +0.000000 +0.000000 +0.000000 +0.000000 +0.000000 +0.000000 +0.000000 +0.000000 +0.000000 +0.000000 +0.000000 +0.000000 +0.000000 +0.000000 +0.000000 +0.000000 +0.000000 +0.000000 +0.000000 +0.000000 +0.000000 +0.000000 +0.000000 +0.000000 +0.000000 +0.000000 +0.000000 +0.000000 +0.000000
ft 3 +0.000000 +0.000000 +0.000000 +0.000000 +0.000000 +0.000000 +0.000000 +0.000000 +0.000000 +0.000000 +0.000000 +0.000000 +0.000000 +0.000000 +0.000000 +0.000000 +0.000000 +0.000000 +0.000000 +0.000000 +0.000000 +0.000000 +0.000000 +0.000000 +0.000000 +0.000000 +0.000000 +0.000000 +0.000000 +0.000000 +0.000000 +0.000000 +0.000000 +0.000000 +0.000000 +0.000000
sedge 

[body 33] 7
| %.t238 = @a * 1000000
| %.t239 = @b * 10000
| %.t240 = %.t238 + %.t239
| %.t241 = @c * 100
| %.t242 = %.t240 + %.t241
| %.t243 = %.t242 + @d
| return %.t243
leaves @a @b @c @d
fp 0 0000000000000000 00000000000f4240 0000000000000000 00000000000f4240 00000000001e8480 de84f7ef72ef9740 6b5fa90e38e2f080 f08877b5e14d3240
fp 1 0000000000000000 0000000000002710 0000000000002710 0000000000000000 0000000000004e20 cf8509f4ff4cd4f0 5a4d2eaedb144f20 8a0db61d5e193b60
fp 2 0000000000000000 00000000000f6950 0000000000002710 00000000000f4240 00000000001ed2a0 ae0a01e4723c6c30 c5acd7bd13f73fa0 7a962dd33f666da0
fp 3 0000000000000000 0000000000000064 00000000000000c8 00000000000000c8 00000000000000c8 337ab071de607888 e0353f0c93c8cad8 1f1afb29739b260c
fp 4 0000000000000000 00000000000f69b4 00000000000027d8 00000000000f4308 00000000001ed368 e184b256509ce4b8 a5e216c9a7c00a78 99b128fcb30193ac
fp 5 0000000000000000 00000000000f69b5 00000000000027db 00000000000f430b 00000000001ed36a 74d39680c3226bbf 3adbfb0fefe96410 5603c9f50ef89974
fp 6 none
ft 0 +0.174958 -0.415253 -0.259120 +0.088159 +0.844723 +0.088159 +0.844723 -0.868225 -0.608859 +0.708360 +0.749701 -0.088159 -0.550235 +0.174958 -0.905617 -0.550235 +0.608859 -0.708360 +0.339523 -0.608859 +0.888386 -0.888386 -0.708360 +0.785916 +0.708360 +0.708360 +0.708360 +0.088159 -0.708360 -0.749701 +0.932781 +0.708360 +0.000000 +0.000000 +0.000000 +0.000000
ft 1 +0.785916 -0.415253 -0.905617 +0.259120 +0.708360 -0.550235 +0.785916 +0.088159 -0.708360 +0.943364 +0.952322 +0.550235 -0.088159 +0.708360 -0.661511 +0.966282 +0.174958 -0.485633 -0.339523 +0.608859 +0.339523 +0.000000 -0.485633 +0.985929 -0.339523 -0.785916 +0.959893 +0.415253 -0.608859 +0.259120 -0.415253 +0.608859 +0.000000 +0.000000 +0.000000 +0.000000
ft 2 -0.708360 +0.415253 -0.259120 +0.661511 +0.174958 +0.088159 +0.844723 -0.817439 +0.000000 +0.888386 +0.259120 -0.259120 +0.817439 +0.844723 -0.259120 +0.952322 +0.339523 -0.844723 +0.000000 +0.785916 +0.000000 -0.339523 +0.339523 +0.608859 +0.339523 -0.943364 +0.708360 +0.550235 -0.708360 -0.661511 +0.905617 +0.000000 +0.000000 +0.000000 +0.000000 +0.000000
ft 3 +0.174958 +0.415253 -0.988196 +0.259120 +0.785916 -0.415253 +0.708360 -0.259120 +0.785916 +0.920301 +0.661511 +0.259120 -0.088159 +0.844723 -0.088159 +0.749701 +0.485633 +0.485633 -0.339523 -0.608859 +0.785916 +0.339523 +0.608859 +0.943364 +0.485633 +0.785916 +0.708360 -0.749701 -0.708360 -0.088159 -0.259120 -0.174958 +0.000000 +0.000000 +0.000000 +0.000000
ft 4 -0.550235 -0.708360 -0.708360 -0.485633 +0.259120 +0.339523 +0.905617 -0.339523 -0.415253 +0.749701 +0.608859 -0.339523 -0.174958 -0.088159 -0.608859 +0.339523 +0.868225 -0.817439 +0.088159 -0.868225 +0.749701 -0.088159 +0.088159 +0.868225 +0.550235 -0.088159 +0.088159 +0.959893 -0.868225 -0.485633 +0.608859 -0.088159 +0.000000 +0.000000 +0.000000 +0.000000
ft 5 -0.339523 -0.932781 -0.994162 +0.415253 +0.174958 -0.415253 +0.485633 -0.661511 -0.339523 +0.943364 +0.966282 -0.550235 -0.550235 +0.608859 -0.550235 -0.259120 -0.174958 -0.708360 -0.943364 +0.000000 +0.174958 +0.485633 -0.485633 +0.985929 +0.920301 -0.485633 +0.785916 +0.088159 -0.339523 +0.088159 +0.749701 +0.888386 +0.000000 +0.000000 +0.000000 +0.000000
ft 6 +0.000000 +0.000000 +0.000000 +0.000000 +0.000000 +0.000000 +0.000000 +0.000000 +0.000000 +0.000000 +0.000000 +0.000000 +0.000000 +0.000000 +0.000000 +0.000000 +0.000000 +0.000000 +0.000000 +0.000000 +0.000000 +0.000000 +0.000000 +0.000000 +0.000000 +0.000000 +0.000000 +0.000000 +0.000000 +0.000000 +0.000000 +0.000000 +0.000000 +0.000000 +0.000000 +0.000000
sedge 

[body 34] 3
| %.t278 = sqrt(@x)
| %.t279 = 1.000000 / (float) %.t278
| return %.t279
leaves %.t278 %.t279
fp 0 none
fp 1 none
fp 2 none
ft 0 +0.000000 +0.000000 +0.000000 +0.000000 +0.000000 +0.000000 +0.000000 +0.000000 +0.000000 +0.000000 +0.000000 +0.000000 +0.000000 +0.000000 +0.000000 +0.000000 +0.000000 +0.000000 +0.000000 +0.000000 +0.000000 +0.000000 +0.000000 +0.000000 +0.000000 +0.000000 +0.000000 +0.000000 +0.000000 +0.000000 +0.000000 +0.000000 +0.000000 +0.000000 +0.000000 +0.000000
ft 1 +0.000000 +0.000000 +0.000000 +0.000000 +0.000000 +0.000000 +0.000000 +0.000000 +0.000000 +0.000000 +0.000000 +0.000000 +0.000000 +0.000000 +0.000000 +0.000000 +0.000000 +0.000000 +0.000000 +0.000000 +0.000000 +0.000000 +0.000000 +0.000000 +0.000000 +0.000000 +0.000000 +0.000000 +0.000000 +0.000000 +0.000000 +0.000000 +0.000000 +0.000000 +0.000000 +0.000000
ft 2 +0.000000 +0.000000 +0.000000 +0.000000 +0.000000 +0.000000 +0.000000 +0.000000 +0.000000 +0.000000 +0.000000 +0.000000 +0.000000 +0.000000 +0.000000 +0.000000 +0.000000 +0.000000 +0.000000 +0.000000 +0.000000 +0.000000 +0.000000 +0.000000 +0.000000 +0.000000 +0.000000 +0.000000 +0.000000 +0.000000 +0.000000 +0.000000 +0.000000 +0.000000 +0.000000 +0.000000
sedge 

[body 35] 18
| local @i : int64
| @i <- 0
| label ir_while_317
| local @cb : uint8
| %.t437 = @s + @i
| @cb <- *%.t437 [1]
| %.t439 = @cb == 0
| branch_zero %.t439 -> ir_if_next_320
| return 1
| label ir_if_next_320
| %.t442 = @a + @i
| %.t443 <- *%.t442 [1]
| %.t444 = %.t443 != @cb
| branch_zero %.t444 -> ir_if_next_324
| return 0
| label ir_if_next_324
| @i = @i + 1
| jump ir_while_317
leaves %.t443 @a @cb @i @s
fp 0 none
fp 1 none
fp 2 none
fp 3 none
fp 4 0000000000000000 0000000000000002 0000000000000006 0000000000000002 0000000000000002 212c314bdea63e8d c38b07478392ac40 98cd3034be7424e4
fp 5 none
fp 6 0000000000000001 0000000000000000 0000000000000001 0000000000000000 0000000000000000 0000000000000000 0000000000000000 0000000000000000
fp 7 none
fp 8 none
fp 9 none
fp 10 0000000000000000 0000000000000002 0000000000000003 0000000000000001 0000000000000003 b1a8fb002c3c4f67 e362a5f8387e5e9f c31657981e705985
fp 11 none
fp 12 0000000000000000 0000000000000000 0000000000000001 0000000000000001 0000000000000001 0000000000000001 0000000000000001 0000000000000001
fp 13 none
fp 14 none
fp 15 none
fp 16 none
fp 17 none
ft 0 +0.000000 +0.000000 +0.000000 +0.000000 +0.000000 +0.000000 +0.000000 +0.000000 +0.000000 +0.000000 +0.000000 +0.000000 +0.000000 +0.000000 +0.000000 +0.000000 +0.000000 +0.000000 +0.000000 +0.000000 +0.000000 +0.000000 +0.000000 +0.000000 +0.000000 +0.000000 +0.000000 +0.000000 +0.000000 +0.000000 +0.000000 +0.000000 +0.000000 +0.000000 +0.000000 +0.000000
ft 1 +0.000000 +0.000000 +0.000000 +0.000000 +0.000000 +0.000000 +0.000000 +0.000000 +0.000000 +0.000000 +0.000000 +0.000000 +0.000000 +0.000000 +0.000000 +0.000000 +0.000000 +0.000000 +0.000000 +0.000000 +0.000000 +0.000000 +0.000000 +0.000000 +0.000000 +0.000000 +0.000000 +0.000000 +0.000000 +0.000000 +0.000000 +0.000000 +0.000000 +0.000000 +0.000000 +0.000000
ft 2 +0.000000 +0.000000 +0.000000 +0.000000 +0.000000 +0.000000 +0.000000 +0.000000 +0.000000 +0.000000 +0.000000 +0.000000 +0.000000 +0.000000 +0.000000 +0.000000 +0.000000 +0.000000 +0.000000 +0.000000 +0.000000 +0.000000 +0.000000 +0.000000 +0.000000 +0.000000 +0.000000 +0.000000 +0.000000 +0.000000 +0.000000 +0.000000 +0.000000 +0.000000 +0.000000 +0.000000
ft 3 +0.000000 +0.000000 +0.000000 +0.000000 +0.000000 +0.000000 +0.000000 +0.000000 +0.000000 +0.000000 +0.000000 +0.000000 +0.000000 +0.000000 +0.000000 +0.000000 +0.000000 +0.000000 +0.000000 +0.000000 +0.000000 +0.000000 +0.000000 +0.000000 +0.000000 +0.000000 +0.000000 +0.000000 +0.000000 +0.000000 +0.000000 +0.000000 +0.000000 +0.000000 +0.000000 +0.000000
ft 4 -0.485633 +0.259120 -0.966282 +0.415253 +0.959893 +0.259120 +0.485633 -0.952322 -0.339523 +0.785916 +0.817439 -0.550235 -0.415253 +0.990099 -0.817439 -0.088159 +0.000000 +0.339523 -0.174958 +0.339523 +0.980021 +0.785916 -0.608859 +0.888386 +0.339523 +0.943364 +0.888386 +0.817439 -0.608859 +0.415253 +0.415253 +0.785916 +0.000000 +0.000000 +0.000000 +0.000000
ft 5 +0.000000 +0.000000 +0.000000 +0.000000 +0.000000 +0.000000 +0.000000 +0.000000 +0.000000 +0.000000 +0.000000 +0.000000 +0.000000 +0.000000 +0.000000 +0.000000 +0.000000 +0.000000 +0.000000 +0.000000 +0.000000 +0.000000 +0.000000 +0.000000 +0.000000 +0.000000 +0.000000 +0.000000 +0.000000 +0.000000 +0.000000 +0.000000 +0.000000 +0.000000 +0.000000 +0.000000
ft 6 +0.661511 +0.339523 -0.959893 -0.888386 +0.259120 +0.844723 +0.661511 -0.608859 -0.088159 +0.868225 +0.844723 +0.000000 +0.785916 +0.983231 -0.174958 +0.844723 +0.088159 +0.749701 +0.868225 -0.966282 +0.868225 +0.088159 -0.259120 +0.988196 -0.088159 +0.415253 +0.868225 +0.708360 -0.415253 -0.485633 +0.339523 +0.976204 +0.000000 +0.000000 +0.000000 +0.000000
ft 7 +0.000000 +0.000000 +0.000000 +0.000000 +0.000000 +0.000000 +0.000000 +0.000000 +0.000000 +0.000000 +0.000000 +0.000000 +0.000000 +0.000000 +0.000000 +0.000000 +0.000000 +0.000000 +0.000000 +0.000000 +0.000000 +0.000000 +0.000000 +0.000000 +0.000000 +0.000000 +0.000000 +0.000000 +0.000000 +0.000000 +0.000000 +0.000000 +0.000000 +0.000000 +0.000000 +0.000000
ft 8 +0.000000 +0.000000 +0.000000 +0.000000 +0.000000 +0.000000 +0.000000 +0.000000 +0.000000 +0.000000 +0.000000 +0.000000 +0.000000 +0.000000 +0.000000 +0.000000 +0.000000 +0.000000 +0.000000 +0.000000 +0.000000 +0.000000 +0.000000 +0.000000 +0.000000 +0.000000 +0.000000 +0.000000 +0.000000 +0.000000 +0.000000 +0.000000 +0.000000 +0.000000 +0.000000 +0.000000
ft 9 +0.000000 +0.000000 +0.000000 +0.000000 +0.000000 +0.000000 +0.000000 +0.000000 +0.000000 +0.000000 +0.000000 +0.000000 +0.000000 +0.000000 +0.000000 +0.000000 +0.000000 +0.000000 +0.000000 +0.000000 +0.000000 +0.000000 +0.000000 +0.000000 +0.000000 +0.000000 +0.000000 +0.000000 +0.000000 +0.000000 +0.000000 +0.000000 +0.000000 +0.000000 +0.000000 +0.000000
ft 10 -0.339523 -0.415253 -0.415253 -0.415253 +0.608859 +0.088159 +0.485633 +0.550235 -0.174958 +0.608859 +0.932781 -0.259120 +0.415253 +0.971668 +0.817439 +0.259120 +0.174958 -0.708360 -0.174958 +0.000000 +0.485633 +0.485633 +0.608859 +0.971668 +0.485633 +0.785916 +0.000000 +0.259120 -0.943364 +0.259120 +0.550235 +0.985929 +0.000000 +0.000000 +0.000000 +0.000000
ft 11 +0.000000 +0.000000 +0.000000 +0.000000 +0.000000 +0.000000 +0.000000 +0.000000 +0.000000 +0.000000 +0.000000 +0.000000 +0.000000 +0.000000 +0.000000 +0.000000 +0.000000 +0.000000 +0.000000 +0.000000 +0.000000 +0.000000 +0.000000 +0.000000 +0.000000 +0.000000 +0.000000 +0.000000 +0.000000 +0.000000 +0.000000 +0.000000 +0.000000 +0.000000 +0.000000 +0.000000
ft 12 +0.550235 +0.485633 -0.943364 -0.943364 +0.259120 +0.888386 +0.550235 -0.339523 -0.259120 +0.817439 +0.888386 -0.174958 +0.844723 +0.976204 -0.174958 +0.785916 +0.259120 +0.868225 +0.817439 -0.905617 +0.868225 +0.088159 -0.259120 +0.991697 +0.088159 +0.415253 +0.868225 +0.608859 -0.415253 -0.708360 +0.608859 +0.976204 +0.000000 +0.000000 +0.000000 +0.000000
ft 13 +0.000000 +0.000000 +0.000000 +0.000000 +0.000000 +0.000000 +0.000000 +0.000000 +0.000000 +0.000000 +0.000000 +0.000000 +0.000000 +0.000000 +0.000000 +0.000000 +0.000000 +0.000000 +0.000000 +0.000000 +0.000000 +0.000000 +0.000000 +0.000000 +0.000000 +0.000000 +0.000000 +0.000000 +0.000000 +0.000000 +0.000000 +0.000000 +0.000000 +0.000000 +0.000000 +0.000000
ft 14 +0.000000 +0.000000 +0.000000 +0.000000 +0.000000 +0.000000 +0.000000 +0.000000 +0.000000 +0.000000 +0.000000 +0.000000 +0.000000 +0.000000 +0.000000 +0.000000 +0.000000 +0.000000 +0.000000 +0.000000 +0.000000 +0.000000 +0.000000 +0.000000 +0.000000 +0.000000 +0.000000 +0.000000 +0.000000 +0.000000 +0.000000 +0.000000 +0.000000 +0.000000 +0.000000 +0.000000
ft 15 +0.000000 +0.000000 +0.000000 +0.000000 +0.000000 +0.000000 +0.000000 +0.000000 +0.000000 +0.000000 +0.000000 +0.000000 +0.000000 +0.000000 +0.000000 +0.000000 +0.000000 +0.000000 +0.000000 +0.000000 +0.000000 +0.000000 +0.000000 +0.000000 +0.000000 +0.000000 +0.000000 +0.000000 +0.000000 +0.000000 +0.000000 +0.000000 +0.000000 +0.000000 +0.000000 +0.000000
ft 16 +0.000000 +0.000000 +0.000000 +0.000000 +0.000000 +0.000000 +0.000000 +0.000000 +0.000000 +0.000000 +0.000000 +0.000000 +0.000000 +0.000000 +0.000000 +0.000000 +0.000000 +0.000000 +0.000000 +0.000000 +0.000000 +0.000000 +0.000000 +0.000000 +0.000000 +0.000000 +0.000000 +0.000000 +0.000000 +0.000000 +0.000000 +0.000000 +0.000000 +0.000000 +0.000000 +0.000000
ft 17 +0.000000 +0.000000 +0.000000 +0.000000 +0.000000 +0.000000 +0.000000 +0.000000 +0.000000 +0.000000 +0.000000 +0.000000 +0.000000 +0.000000 +0.000000 +0.000000 +0.000000 +0.000000 +0.000000 +0.000000 +0.000000 +0.000000 +0.000000 +0.000000 +0.000000 +0.000000 +0.000000 +0.000000 +0.000000 +0.000000 +0.000000 +0.000000 +0.000000 +0.000000 +0.000000 +0.000000
sedge 

[body 36] 11
| local @s : St1
| %.t1 = @x & 1099511627775
| %.t2 <- &@s
| *%.t2 <- %.t1 [8]
| %.t4 = @x + 8
| %.t5 = %.t4 & 65535
| %.t6 = (float64)%.t5
| %.t7 <- &@s
| %.t8 = %.t7 + 8
| *%.t8 <- %.t6 [8]
| return @s
leaves %.t2 %.t6 %.t7 @x
fp 0 none
fp 1 0000000000000000 0000000000000001 0000000000000002 0000000000000002 0000000000000001 000000cd60b85cc3 0000007c722af6ec 000000945f3ef748
fp 2 none
fp 3 none
fp 4 0000000000000008 0000000000000009 000000000000000a 000000000000000a 0000000000000009 883dc5cd60b85ccb 3bacb27c722af6f4 e55e02945f3ef750
fp 5 0000000000000008 0000000000000009 000000000000000a 000000000000000a 0000000000000009 0000000000005ccb 000000000000f6f4 000000000000f750
fp 6 none
fp 7 none
fp 8 0000000000000008 0000000000000009 0000000000000008 0000000000000009 000000000000000b fbb8fc25c4ea2c5e 6bee957f3463062e a76e56b783174e0c
fp 9 none
fp 10 none
ft 0 +0.000000 +0.000000 +0.000000 +0.000000 +0.000000 +0.000000 +0.000000 +0.000000 +0.000000 +0.000000 +0.000000 +0.000000 +0.000000 +0.000000 +0.000000 +0.000000 +0.000000 +0.000000 +0.000000 +0.000000 +0.000000 +0.000000 +0.000000 +0.000000 +0.000000 +0.000000 +0.000000 +0.000000 +0.000000 +0.000000 +0.000000 +0.000000 +0.000000 +0.000000 +0.000000 +0.000000
ft 1 +0.608859 +0.550235 -0.817439 -0.415253 +0.920301 +0.415253 +0.174958 -0.550235 +0.000000 +0.785916 +0.661511 -0.550235 -0.259120 +0.888386 -0.817439 +0.661511 +0.000000 +0.485633 +0.174958 -0.844723 +0.485633 -0.485633 -0.608859 +0.608859 +0.174958 +0.608859 +0.971668 +0.550235 -0.785916 -0.868225 +0.550235 +0.785916 +0.000000 +0.000000 +0.000000 +0.000000
ft 2 +0.000000 +0.000000 +0.000000 +0.000000 +0.000000 +0.000000 +0.000000 +0.000000 +0.000000 +0.000000 +0.000000 +0.000000 +0.000000 +0.000000 +0.000000 +0.000000 +0.000000 +0.000000 +0.000000 +0.000000 +0.000000 +0.000000 +0.000000 +0.000000 +0.000000 +0.000000 +0.000000 +0.000000 +0.000000 +0.000000 +0.000000 +0.000000 +0.000000 +0.000000 +0.000000 +0.000000
ft 3 +0.000000 +0.000000 +0.000000 +0.000000 +0.000000 +0.000000 +0.000000 +0.000000 +0.000000 +0.000000 +0.000000 +0.000000 +0.000000 +0.000000 +0.000000 +0.000000 +0.000000 +0.000000 +0.000000 +0.000000 +0.000000 +0.000000 +0.000000 +0.000000 +0.000000 +0.000000 +0.000000 +0.000000 +0.000000 +0.000000 +0.000000 +0.000000 +0.000000 +0.000000 +0.000000 +0.000000
ft 4 -0.415253 -0.339523 -0.485633 +0.000000 +0.976204 +0.000000 +0.749701 -0.608859 -0.259120 +0.817439 +0.888386 -0.608859 -0.708360 +0.817439 -0.888386 +0.785916 +0.088159 +0.905617 +0.550235 -0.415253 +0.415253 +0.088159 -0.088159 +0.661511 +0.259120 +0.415253 +0.749701 +0.708360 -0.905617 -0.485633 +0.174958 +0.932781 +0.000000 +0.000000 +0.000000 +0.000000
ft 5 +0.415253 -0.339523 -0.844723 -0.485633 +0.817439 +0.339523 +0.415253 -0.339523 -0.550235 +0.868225 +0.920301 -0.174958 -0.174958 +0.952322 +0.000000 +0.708360 -0.259120 +0.868225 +0.259120 -0.905617 +0.868225 -0.088159 +0.415253 +0.966282 +0.415253 +0.088159 +0.817439 +0.708360 -0.415253 -0.608859 +0.174958 +0.932781 +0.000000 +0.000000 +0.000000 +0.000000
ft 6 +0.000000 +0.000000 +0.000000 +0.000000 +0.000000 +0.000000 +0.000000 +0.000000 +0.000000 +0.000000 +0.000000 +0.000000 +0.000000 +0.000000 +0.000000 +0.000000 +0.000000 +0.000000 +0.000000 +0.000000 +0.000000 +0.000000 +0.000000 +0.000000 +0.000000 +0.000000 +0.000000 +0.000000 +0.000000 +0.000000 +0.000000 +0.000000 +0.000000 +0.000000 +0.000000 +0.000000
ft 7 +0.000000 +0.000000 +0.000000 +0.000000 +0.000000 +0.000000 +0.000000 +0.000000 +0.000000 +0.000000 +0.000000 +0.000000 +0.000000 +0.000000 +0.000000 +0.000000 +0.000000 +0.000000 +0.000000 +0.000000 +0.000000 +0.000000 +0.000000 +0.000000 +0.000000 +0.000000 +0.000000 +0.000000 +0.000000 +0.000000 +0.000000 +0.000000 +0.000000 +0.000000 +0.000000 +0.000000
ft 8 -0.785916 -0.550235 -0.259120 -0.749701 +0.785916 -0.661511 +0.485633 +0.661511 -0.174958 -0.485633 +0.952322 +0.415253 -0.550235 +0.485633 -0.088159 -0.259120 +0.485633 +0.339523 +0.339523 -0.608859 +0.608859 +0.339523 -0.485633 +0.888386 +0.485633 +0.485633 +0.485633 +0.550235 -0.485633 -0.415253 +0.550235 +0.888386 +0.000000 +0.000000 +0.000000 +0.000000
ft 9 +0.000000 +0.000000 +0.000000 +0.000000 +0.000000 +0.000000 +0.000000 +0.000000 +0.000000 +0.000000 +0.000000 +0.000000 +0.000000 +0.000000 +0.000000 +0.000000 +0.000000 +0.000000 +0.000000 +0.000000 +0.000000 +0.000000 +0.000000 +0.000000 +0.000000 +0.000000 +0.000000 +0.000000 +0.000000 +0.000000 +0.000000 +0.000000 +0.000000 +0.000000 +0.000000 +0.000000
ft 10 +0.000000 +0.000000 +0.000000 +0.000000 +0.000000 +0.000000 +0.000000 +0.000000 +0.000000 +0.000000 +0.000000 +0.000000 +0.000000 +0.000000 +0.000000 +0.000000 +0.000000 +0.000000 +0.000000 +0.000000 +0.000000 +0.000000 +0.000000 +0.000000 +0.000000 +0.000000 +0.000000 +0.000000 +0.000000 +0.000000 +0.000000 +0.000000 +0.000000 +0.000000 +0.000000 +0.000000
sedge 

[body 37] 12
| local @__inl_15_local_v : float64
| @__inl_15_local_v <- @x
| local @__inl_15_local_pf : float64*
| @__inl_15_local_pf <- &@__inl_15_local_v
| local @__inl_15_local_pi : int64*
| @__inl_15_local_pi = (int64*)@__inl_15_local_pf
| %__inl_15_tmp_.t68 <- *@__inl_15_local_pi [8]
| %.t125 = %__inl_15_tmp_.t68 < 0
| branch_zero %.t125 -> ir_errdefer_ok_160
| return 1
| label ir_errdefer_ok_160
| return 0
leaves %__inl_15_tmp_.t68 @__inl_15_local_pf @__inl_15_local_pi @x
fp 0 none
fp 1 0000000000000000 0000000000000001 0000000000000002 0000000000000002 0000000000000001 883dc5cd60b85cc3 3bacb27c722af6ec e55e02945f3ef748
fp 2 none
fp 3 none
fp 4 none
fp 5 none
fp 6 none
fp 7 0000000000000000 0000000000000000 0000000000000000 0000000000000000 0000000000000000 0000000000000001 0000000000000000 0000000000000000
fp 8 none
fp 9 none
fp 10 none
fp 11 none
ft 0 +0.000000 +0.000000 +0.000000 +0.000000 +0.000000 +0.000000 +0.000000 +0.000000 +0.000000 +0.000000 +0.000000 +0.000000 +0.000000 +0.000000 +0.000000 +0.000000 +0.000000 +0.000000 +0.000000 +0.000000 +0.000000 +0.000000 +0.000000 +0.000000 +0.000000 +0.000000 +0.000000 +0.000000 +0.000000 +0.000000 +0.000000 +0.000000 +0.000000 +0.000000 +0.000000 +0.000000
ft 1 -0.415253 +0.000000 -0.608859 -0.339523 +0.966282 +0.339523 +0.550235 -0.608859 -0.088159 +0.817439 +0.785916 -0.485633 -0.608859 +0.905617 -0.920301 +0.708360 -0.088159 +0.905617 +0.415253 -0.415253 +0.415253 +0.088159 -0.550235 +0.550235 +0.415253 +0.550235 +0.817439 +0.708360 -0.868225 -0.608859 +0.339523 +0.932781 +0.000000 +1.000000 +0.000000 +0.000000
ft 2 +0.000000 +0.000000 +0.000000 +0.000000 +0.000000 +0.000000 +0.000000 +0.000000 +0.000000 +0.000000 +0.000000 +0.000000 +0.000000 +0.000000 +0.000000 +0.000000 +0.000000 +0.000000 +0.000000 +0.000000 +0.000000 +0.000000 +0.000000 +0.000000 +0.000000 +0.000000 +0.000000 +0.000000 +0.000000 +0.000000 +0.000000 +0.000000 +0.000000 +0.000000 +0.000000 +0.000000
ft 3 +0.000000 +0.000000 +0.000000 +0.000000 +0.000000 +0.000000 +0.000000 +0.000000 +0.000000 +0.000000 +0.000000 +0.000000 +0.000000 +0.000000 +0.000000 +0.000000 +0.000000 +0.000000 +0.000000 +0.000000 +0.000000 +0.000000 +0.000000 +0.000000 +0.000000 +0.000000 +0.000000 +0.000000 +0.000000 +0.000000 +0.000000 +0.000000 +0.000000 +0.000000 +0.000000 +0.000000
ft 4 +0.000000 +0.000000 +0.000000 +0.000000 +0.000000 +0.000000 +0.000000 +0.000000 +0.000000 +0.000000 +0.000000 +0.000000 +0.000000 +0.000000 +0.000000 +0.000000 +0.000000 +0.000000 +0.000000 +0.000000 +0.000000 +0.000000 +0.000000 +0.000000 +0.000000 +0.000000 +0.000000 +0.000000 +0.000000 +0.000000 +0.000000 +0.000000 +0.000000 +0.000000 +0.000000 +0.000000
ft 5 +0.000000 +0.000000 +0.000000 +0.000000 +0.000000 +0.000000 +0.000000 +0.000000 +0.000000 +0.000000 +0.000000 +0.000000 +0.000000 +0.000000 +0.000000 +0.000000 +0.000000 +0.000000 +0.000000 +0.000000 +0.000000 +0.000000 +0.000000 +0.000000 +0.000000 +0.000000 +0.000000 +0.000000 +0.000000 +0.000000 +0.000000 +0.000000 +0.000000 +0.000000 +0.000000 +0.000000
ft 6 +0.000000 +0.000000 +0.000000 +0.000000 +0.000000 +0.000000 +0.000000 +0.000000 +0.000000 +0.000000 +0.000000 +0.000000 +0.000000 +0.000000 +0.000000 +0.000000 +0.000000 +0.000000 +0.000000 +0.000000 +0.000000 +0.000000 +0.000000 +0.000000 +0.000000 +0.000000 +0.000000 +0.000000 +0.000000 +0.000000 +0.000000 +0.000000 +0.000000 +0.000000 +0.000000 +0.000000
ft 7 +0.608859 +0.259120 -0.966282 -0.868225 +0.339523 +0.868225 +0.485633 -0.550235 -0.174958 +0.888386 +0.817439 -0.088159 +0.817439 +0.980021 -0.088159 +0.868225 +0.174958 +0.844723 +0.844723 -0.943364 +0.844723 +0.174958 -0.485633 +0.990099 +0.174958 +0.339523 +0.920301 +0.749701 -0.485633 -0.661511 +0.415253 +0.971668 +0.000000 +0.000000 +0.000000 +0.000000
ft 8 +0.000000 +0.000000 +0.000000 +0.000000 +0.000000 +0.000000 +0.000000 +0.000000 +0.000000 +0.000000 +0.000000 +0.000000 +0.000000 +0.000000 +0.000000 +0.000000 +0.000000 +0.000000 +0.000000 +0.000000 +0.000000 +0.000000 +0.000000 +0.000000 +0.000000 +0.000000 +0.000000 +0.000000 +0.000000 +0.000000 +0.000000 +0.000000 +0.000000 +0.000000 +0.000000 +0.000000
ft 9 +0.000000 +0.000000 +0.000000 +0.000000 +0.000000 +0.000000 +0.000000 +0.000000 +0.000000 +0.000000 +0.000000 +0.000000 +0.000000 +0.000000 +0.000000 +0.000000 +0.000000 +0.000000 +0.000000 +0.000000 +0.000000 +0.000000 +0.000000 +0.000000 +0.000000 +0.000000 +0.000000 +0.000000 +0.000000 +0.000000 +0.000000 +0.000000 +0.000000 +0.000000 +0.000000 +0.000000
ft 10 +0.000000 +0.000000 +0.000000 +0.000000 +0.000000 +0.000000 +0.000000 +0.000000 +0.000000 +0.000000 +0.000000 +0.000000 +0.000000 +0.000000 +0.000000 +0.000000 +0.000000 +0.000000 +0.000000 +0.000000 +0.000000 +0.000000 +0.000000 +0.000000 +0.000000 +0.000000 +0.000000 +0.000000 +0.000000 +0.000000 +0.000000 +0.000000 +0.000000 +0.000000 +0.000000 +0.000000
ft 11 +0.000000 +0.000000 +0.000000 +0.000000 +0.000000 +0.000000 +0.000000 +0.000000 +0.000000 +0.000000 +0.000000 +0.000000 +0.000000 +0.000000 +0.000000 +0.000000 +0.000000 +0.000000 +0.000000 +0.000000 +0.000000 +0.000000 +0.000000 +0.000000 +0.000000 +0.000000 +0.000000 +0.000000 +0.000000 +0.000000 +0.000000 +0.000000 +0.000000 +0.000000 +0.000000 +0.000000
sedge 

[body 38] 45
| local @s : int64
| @s <- 0
| local @i : int64
| @i <- 1
| local @s__a1 : int64
| @s__a1 <- 0
| local @s__a2 : int64
| @s__a2 <- 0
| local @s__a3 : int64
| @s__a3 <- 0
| label vu5_main
| %vu5_ub = @i + 3
| %vu5_gu = %vu5_ub <= @n
| branch_zero %vu5_gu -> vu5_tail
| %.t71__l0 = 3 * @i
| %.t72__l0 = %.t71__l0 + 7
| @s = @s + %.t72__l0
| %vu5_ti1 = @i + 1
| %.t71__l1 = 3 * %vu5_ti1
| %.t72__l1 = %.t71__l1 + 7
| @s__a1 = @s__a1 + %.t72__l1
| %vu5_ti2 = @i + 2
| %.t71__l2 = 3 * %vu5_ti2
| %.t72__l2 = %.t71__l2 + 7
| @s__a2 = @s__a2 + %.t72__l2
| %vu5_ti3 = @i + 3
| %.t71__l3 = 3 * %vu5_ti3
| %.t72__l3 = %.t71__l3 + 7
| @s__a3 = @s__a3 + %.t72__l3
| @i = @i + 4
| jump vu5_main
| label vu5_tail
| label vu5_sh
| %.t70 = @i <= @n
| branch_zero %.t70 -> vu5_comb
| %.t71 = 3 * @i
| %.t72 = %.t71 + 7
| @s = @s + %.t72
| @i = @i + 1
| jump vu5_sh
| label vu5_comb
| @s = @s + @s__a1
| @s = @s + @s__a2
| @s = @s + @s__a3
| return @s
leaves @i @n @s @s__a1 @s__a2 @s__a3
fp 0 none
fp 1 none
fp 2 none
fp 3 none
fp 4 none
fp 5 none
fp 6 none
fp 7 none
fp 8 none
fp 9 none
fp 10 none
fp 11 0000000000000003 0000000000000004 0000000000000006 0000000000000003 0000000000000004 c50f1c4aac43afb5 270acd769cdbbe70 c48c4b6700756fc7
fp 12 0000000000000000 0000000000000000 0000000000000000 0000000000000000 0000000000000000 0000000000000001 0000000000000000 0000000000000001
fp 13 none
fp 14 0000000000000000 0000000000000003 0000000000000009 0000000000000000 0000000000000003 4f2d54e004cb0f16 75206863d6933b47 4da4e23501604f4c
fp 15 0000000000000007 000000000000000a 0000000000000010 0000000000000007 000000000000000a 4f2d54e004cb0f1d 75206863d6933b4e 4da4e23501604f53
fp 16 none
fp 17 0000000000000001 0000000000000002 0000000000000004 0000000000000001 0000000000000002 c50f1c4aac43afb3 270acd769cdbbe6e c48c4b6700756fc5
fp 18 0000000000000003 0000000000000006 000000000000000c 0000000000000003 0000000000000006 4f2d54e004cb0f19 75206863d6933b4a 4da4e23501604f4f
fp 19 000000000000000a 000000000000000d 0000000000000013 000000000000000a 000000000000000d 4f2d54e004cb0f20 75206863d6933b51 4da4e23501604f56
fp 20 none
fp 21 0000000000000002 0000000000000003 0000000000000005 0000000000000002 0000000000000003 c50f1c4aac43afb4 270acd769cdbbe6f c48c4b6700756fc6
fp 22 0000000000000006 0000000000000009 000000000000000f 0000000000000006 0000000000000009 4f2d54e004cb0f1c 75206863d6933b4d 4da4e23501604f52
fp 23 000000000000000d 0000000000000010 0000000000000016 000000000000000d 0000000000000010 4f2d54e004cb0f23 75206863d6933b54 4da4e23501604f59
fp 24 none
fp 25 0000000000000003 0000000000000004 0000000000000006 0000000000000003 0000000000000004 c50f1c4aac43afb5 270acd769cdbbe70 c48c4b6700756fc7
fp 26 0000000000000009 000000000000000c 0000000000000012 0000000000000009 000000000000000c 4f2d54e004cb0f1f 75206863d6933b50 4da4e23501604f55
fp 27 0000000000000010 0000000000000013 0000000000000019 0000000000000010 0000000000000013 4f2d54e004cb0f26 75206863d6933b57 4da4e23501604f5c
fp 28 none
fp 29 none
fp 30 none
fp 31 none
fp 32 none
fp 33 0000000000000001 0000000000000001 0000000000000001 0000000000000001 0000000000000001 0000000000000001 0000000000000000 0000000000000001
fp 34 none
fp 35 0000000000000000 0000000000000003 0000000000000009 0000000000000000 0000000000000003 4f2d54e004cb0f16 75206863d6933b47 4da4e23501604f4c
fp 36 0000000000000007 000000000000000a 0000000000000010 0000000000000007 000000000000000a 4f2d54e004cb0f1d 75206863d6933b4e 4da4e23501604f53
fp 37 none
fp 38 none
fp 39 none
fp 40 none
fp 41 none
fp 42 none
fp 43 none
fp 44 none
ft 0 +0.000000 +0.000000 +0.000000 +0.000000 +0.000000 +0.000000 +0.000000 +0.000000 +0.000000 +0.000000 +0.000000 +0.000000 +0.000000 +0.000000 +0.000000 +0.000000 +0.000000 +0.000000 +0.000000 +0.000000 +0.000000 +0.000000 +0.000000 +0.000000 +0.000000 +0.000000 +0.000000 +0.000000 +0.000000 +0.000000 +0.000000 +0.000000 +0.000000 +0.000000 +0.000000 +0.000000
ft 1 +0.000000 +0.000000 +0.000000 +0.000000 +0.000000 +0.000000 +0.000000 +0.000000 +0.000000 +0.000000 +0.000000 +0.000000 +0.000000 +0.000000 +0.000000 +0.000000 +0.000000 +0.000000 +0.000000 +0.000000 +0.000000 +0.000000 +0.000000 +0.000000 +0.000000 +0.000000 +0.000000 +0.000000 +0.000000 +0.000000 +0.000000 +0.000000 +0.000000 +0.000000 +0.000000 +0.000000
ft 2 +0.000000 +0.000000 +0.000000 +0.000000 +0.000000 +0.000000 +0.000000 +0.000000 +0.000000 +0.000000 +0.000000 +0.000000 +0.000000 +0.000000 +0.000000 +0.000000 +0.000000 +0.000000 +0.000000 +0.000000 +0.000000 +0.000000 +0.000000 +0.000000 +0.000000 +0.000000 +0.000000 +0.000000 +0.000000 +0.000000 +0.000000 +0.000000 +0.000000 +0.000000 +0.000000 +0.000000
ft 3 +0.000000 +0.000000 +0.000000 +0.000000 +0.000000 +0.000000 +0.000000 +0.000000 +0.000000 +0.000000 +0.000000 +0.000000 +0.000000 +0.000000 +0.000000 +0.000000 +0.000000 +0.000000 +0.000000 +0.000000 +0.000000 +0.000000 +0.000000 +0.000000 +0.000000 +0.000000 +0.000000 +0.000000 +0.000000 +0.000000 +0.000000 +0.000000 +0.000000 +0.000000 +0.000000 +0.000000
ft 4 +0.000000 +0.000000 +0.000000 +0.000000 +0.000000 +0.000000 +0.000000 +0.000000 +0.000000 +0.000000 +0.000000 +0.000000 +0.000000 +0.000000 +0.000000 +0.000000 +0.000000 +0.000000 +0.000000 +0.000000 +0.000000 +0.000000 +0.000000 +0.000000 +0.000000 +0.000000 +0.000000 +0.000000 +0.000000 +0.000000 +0.000000 +0.000000 +0.000000 +0.000000 +0.000000 +0.000000
ft 5 +0.000000 +0.000000 +0.000000 +0.000000 +0.000000 +0.000000 +0.000000 +0.000000 +0.000000 +0.000000 +0.000000 +0.000000 +0.000000 +0.000000 +0.000000 +0.000000 +0.000000 +0.000000 +0.000000 +0.000000 +0.000000 +0.000000 +0.000000 +0.000000 +0.000000 +0.000000 +0.000000 +0.000000 +0.000000 +0.000000 +0.000000 +0.000000 +0.000000 +0.000000 +0.000000 +0.000000
ft 6 +0.000000 +0.000000 +0.000000 +0.000000 +0.000000 +0.000000 +0.000000 +0.000000 +0.000000 +0.000000 +0.000000 +0.000000 +0.000000 +0.000000 +0.000000 +0.000000 +0.000000 +0.000000 +0.000000 +0.000000 +0.000000 +0.000000 +0.000000 +0.000000 +0.000000 +0.000000 +0.000000 +0.000000 +0.000000 +0.000000 +0.000000 +0.000000 +0.000000 +0.000000 +0.000000 +0.000000
ft 7 +0.000000 +0.000000 +0.000000 +0.000000 +0.000000 +0.000000 +0.000000 +0.000000 +0.000000 +0.000000 +0.000000 +0.000000 +0.000000 +0.000000 +0.000000 +0.000000 +0.000000 +0.000000 +0.000000 +0.000000 +0.000000 +0.000000 +0.000000 +0.000000 +0.000000 +0.000000 +0.000000 +0.000000 +0.000000 +0.000000 +0.000000 +0.000000 +0.000000 +0.000000 +0.000000 +0.000000
ft 8 +0.000000 +0.000000 +0.000000 +0.000000 +0.000000 +0.000000 +0.000000 +0.000000 +0.000000 +0.000000 +0.000000 +0.000000 +0.000000 +0.000000 +0.000000 +0.000000 +0.000000 +0.000000 +0.000000 +0.000000 +0.000000 +0.000000 +0.000000 +0.000000 +0.000000 +0.000000 +0.000000 +0.000000 +0.000000 +0.000000 +0.000000 +0.000000 +0.000000 +0.000000 +0.000000 +0.000000
ft 9 +0.000000 +0.000000 +0.000000 +0.000000 +0.000000 +0.000000 +0.000000 +0.000000 +0.000000 +0.000000 +0.000000 +0.000000 +0.000000 +0.000000 +0.000000 +0.000000 +0.000000 +0.000000 +0.000000 +0.000000 +0.000000 +0.000000 +0.000000 +0.000000 +0.000000 +0.000000 +0.000000 +0.000000 +0.000000 +0.000000 +0.000000 +0.000000 +0.000000 +0.000000 +0.000000 +0.000000
ft 10 +0.000000 +0.000000 +0.000000 +0.000000 +0.000000 +0.000000 +0.000000 +0.000000 +0.000000 +0.000000 +0.000000 +0.000000 +0.000000 +0.000000 +0.000000 +0.000000 +0.000000 +0.000000 +0.000000 +0.000000 +0.000000 +0.000000 +0.000000 +0.000000 +0.000000 +0.000000 +0.000000 +0.000000 +0.000000 +0.000000 +0.000000 +0.000000 +0.000000 +0.000000 +0.000000 +0.000000
ft 11 +0.661511 +0.000000 -0.980021 -0.708360 +0.905617 -0.844723 +0.088159 -0.920301 +0.415253 +0.966282 +0.844723 -0.174958 +0.174958 +0.983231 -0.339523 -0.174958 -0.259120 +0.817439 -0.661511 +0.661511 +0.817439 +0.259120 +0.088159 +0.749701 +0.415253 +0.817439 +0.550235 +0.339523 -0.661511 +0.485633 +0.708360 +0.983231 +0.000000 +0.000000 +0.000000 +0.000000
ft 12 +0.661511 +0.339523 -0.959893 -0.888386 +0.415253 +0.888386 +0.550235 -0.485633 -0.259120 +0.905617 +0.844723 +0.000000 +0.844723 +0.983231 -0.174958 +0.844723 +0.259120 +0.868225 +0.817439 -0.932781 +0.817439 +0.088159 -0.415253 +0.991697 +0.259120 +0.259120 +0.932781 +0.708360 -0.415253 -0.708360 +0.485633 +0.966282 +0.000000 +0.000000 +0.000000 +0.000000
ft 13 +0.000000 +0.000000 +0.000000 +0.000000 +0.000000 +0.000000 +0.000000 +0.000000 +0.000000 +0.000000 +0.000000 +0.000000 +0.000000 +0.000000 +0.000000 +0.000000 +0.000000 +0.000000 +0.000000 +0.000000 +0.000000 +0.000000 +0.000000 +0.000000 +0.000000 +0.000000 +0.000000 +0.000000 +0.000000 +0.000000 +0.000000 +0.000000 +0.000000 +0.000000 +0.000000 +0.000000
ft 14 +0.339523 -0.749701 -0.905617 -0.415253 +0.485633 -0.661511 +0.000000 +0.749701 +0.174958 +0.888386 +0.932781 +0.415253 -0.661511 +0.971668 -0.088159 +0.550235 -0.608859 +0.485633 +0.339523 -0.174958 +0.485633 +0.608859 -0.608859 +0.943364 +0.485633 +0.339523 +0.608859 +0.749701 -0.608859 +0.749701 +0.550235 +0.785916 +0.000000 +0.000000 +0.000000 +0.000000
ft 15 +0.661511 -0.785916 -0.888386 -0.485633 +0.661511 -0.844723 -0.550235 +0.920301 +0.259120 +0.868225 +0.888386 +0.339523 -0.485633 +0.983231 -0.485633 +0.339523 -0.415253 +0.749701 +0.550235 +0.259120 +0.415253 +0.550235 -0.749701 +0.905617 +0.661511 +0.088159 +0.415253 +0.708360 -0.088159 +0.844723 +0.785916 +0.661511 +0.000000 +0.000000 +0.000000 +0.000000
ft 16 +0.000000 +0.000000 +0.000000 +0.000000 +0.000000 +0.000000 +0.000000 +0.000000 +0.000000 +0.000000 +0.000000 +0.000000 +0.000000 +0.000000 +0.000000 +0.000000 +0.000000 +0.000000 +0.000000 +0.000000 +0.000000 +0.000000 +0.000000 +0.000000 +0.000000 +0.000000 +0.000000 +0.000000 +0.000000 +0.000000 +0.000000 +0.000000 +0.000000 +0.000000 +0.000000 +0.000000
ft 17 +0.817439 -0.339523 -0.980021 -0.708360 +0.817439 -0.844723 +0.088159 -0.888386 +0.259120 +0.952322 +0.844723 +0.174958 +0.339523 +0.976204 -0.174958 -0.339523 +0.088159 +0.749701 -0.550235 +0.749701 +0.868225 +0.259120 -0.259120 +0.817439 +0.415253 +0.905617 +0.661511 +0.339523 -0.749701 +0.844723 +0.708360 +0.983231 +0.000000 +0.000000 +0.000000 +0.000000
ft 18 +0.550235 -0.608859 -0.943364 -0.608859 +0.415253 -0.785916 -0.415253 +0.785916 +0.259120 +0.905617 +0.888386 +0.339523 -0.608859 +0.976204 -0.339523 +0.485633 -0.259120 +0.749701 +0.259120 -0.088159 +0.415253 +0.415253 -0.661511 +0.966282 +0.415253 +0.259120 +0.550235 +0.785916 -0.415253 +0.708360 +0.608859 +0.550235 +0.000000 +0.000000 +0.000000 +0.000000
ft 19 -0.259120 -0.785916 -0.959893 -0.608859 +0.749701 -0.888386 -0.415253 +0.844723 +0.550235 +0.905617 +0.959893 +0.174958 -0.844723 +0.976204 -0.339523 +0.708360 -0.749701 +0.749701 +0.415253 -0.415253 +0.661511 +0.415253 -0.088159 +0.905617 +0.088159 -0.550235 +0.661511 +0.339523 -0.550235 +0.608859 +0.608859 +0.661511 +0.000000 +0.000000 +0.000000 +0.000000
ft 20 +0.000000 +0.000000 +0.000000 +0.000000 +0.000000 +0.000000 +0.000000 +0.000000 +0.000000 +0.000000 +0.000000 +0.000000 +0.000000 +0.000000 +0.000000 +0.000000 +0.000000 +0.000000 +0.000000 +0.000000 +0.000000 +0.000000 +0.000000 +0.000000 +0.000000 +0.000000 +0.000000 +0.000000 +0.000000 +0.000000 +0.000000 +0.000000 +0.000000 +0.000000 +0.000000 +0.000000
ft 21 +0.608859 -0.259120 -0.988196 -0.550235 +0.785916 -0.749701 +0.174958 -0.749701 +0.485633 +0.785916 +0.905617 -0.088159 +0.661511 +0.980021 +0.088159 -0.415253 -0.608859 +0.785916 -0.174958 +0.608859 +0.920301 +0.339523 +0.000000 +0.708360 +0.174958 +0.943364 +0.485633 +0.259120 -0.708360 +0.749701 +0.550235 +0.980021 +0.000000 +0.000000 +0.000000 +0.000000
ft 22 +0.485633 -0.817439 -0.932781 -0.259120 +0.485633 -0.749701 -0.485633 +0.817439 +0.339523 +0.844723 +0.966282 +0.259120 -0.550235 +0.959893 -0.259120 +0.550235 -0.785916 +0.608859 +0.785916 -0.174958 +0.608859 +0.485633 -0.339523 +0.888386 +0.708360 +0.339523 +0.485633 +0.661511 -0.174958 +0.661511 +0.749701 +0.608859 +0.000000 +0.000000 +0.000000 +0.000000
ft 23 +0.259120 -0.785916 -0.888386 -0.844723 +0.749701 -0.943364 -0.088159 +0.608859 +0.088159 +0.988196 +0.943364 +0.485633 -0.888386 +0.952322 -0.485633 +0.785916 -0.415253 +0.550235 +0.088159 +0.088159 +0.415253 +0.259120 -0.550235 +0.905617 +0.550235 -0.749701 +0.661511 +0.608859 -0.415253 +0.844723 +0.888386 +0.749701 +0.000000 +0.000000 +0.000000 +0.000000
ft 24 +0.000000 +0.000000 +0.000000 +0.000000 +0.000000 +0.000000 +0.000000 +0.000000 +0.000000 +0.000000 +0.000000 +0.000000 +0.000000 +0.000000 +0.000000 +0.000000 +0.000000 +0.000000 +0.000000 +0.000000 +0.000000 +0.000000 +0.000000 +0.000000 +0.000000 +0.000000 +0.000000 +0.000000 +0.000000 +0.000000 +0.000000 +0.000000 +0.000000 +0.000000 +0.000000 +0.000000
ft 25 +0.661511 +0.000000 -0.980021 -0.708360 +0.905617 -0.844723 +0.088159 -0.920301 +0.415253 +0.966282 +0.844723 -0.174958 +0.174958 +0.983231 -0.339523 -0.174958 -0.259120 +0.817439 -0.661511 +0.661511 +0.817439 +0.259120 +0.088159 +0.749701 +0.415253 +0.817439 +0.550235 +0.339523 -0.661511 +0.485633 +0.708360 +0.983231 +0.000000 +0.000000 +0.000000 +1.000000
ft 26 +0.259120 -0.844723 -0.888386 -0.485633 +0.817439 -0.888386 -0.259120 +0.708360 +0.259120 +0.976204 +0.920301 +0.608859 -0.888386 +0.976204 -0.485633 +0.608859 -0.259120 +0.550235 -0.088159 +0.088159 +0.415253 +0.415253 -0.415253 +0.932781 +0.661511 -0.415253 +0.749701 +0.708360 -0.415253 +0.608859 +0.844723 +0.817439 +0.000000 +0.000000 +0.000000 +0.000000
ft 27 +0.088159 -0.785916 -0.844723 -0.608859 +0.550235 -0.920301 +0.088159 +0.844723 +0.415253 +0.952322 +0.920301 +0.485633 -0.708360 +0.966282 +0.339523 +0.608859 -0.749701 +0.415253 +0.088159 +0.088159 +0.550235 +0.661511 -0.415253 +0.868225 +0.550235 -0.088159 +0.415253 +0.785916 -0.661511 +0.608859 +0.485633 +0.661511 +0.000000 +0.000000 +0.000000 +0.000000
ft 28 +0.000000 +0.000000 +0.000000 +0.000000 +0.000000 +0.000000 +0.000000 +0.000000 +0.000000 +0.000000 +0.000000 +0.000000 +0.000000 +0.000000 +0.000000 +0.000000 +0.000000 +0.000000 +0.000000 +0.000000 +0.000000 +0.000000 +0.000000 +0.000000 +0.000000 +0.000000 +0.000000 +0.000000 +0.000000 +0.000000 +0.000000 +0.000000 +0.000000 +0.000000 +0.000000 +0.000000
ft 29 +0.000000 +0.000000 +0.000000 +0.000000 +0.000000 +0.000000 +0.000000 +0.000000 +0.000000 +0.000000 +0.000000 +0.000000 +0.000000 +0.000000 +0.000000 +0.000000 +0.000000 +0.000000 +0.000000 +0.000000 +0.000000 +0.000000 +0.000000 +0.000000 +0.000000 +0.000000 +0.000000 +0.000000 +0.000000 +0.000000 +0.000000 +0.000000 +0.000000 +0.000000 +0.000000 +0.000000
ft 30 +0.000000 +0.000000 +0.000000 +0.000000 +0.000000 +0.000000 +0.000000 +0.000000 +0.000000 +0.000000 +0.000000 +0.000000 +0.000000 +0.000000 +0.000000 +0.000000 +0.000000 +0.000000 +0.000000 +0.000000 +0.000000 +0.000000 +0.000000 +0.000000 +0.000000 +0.000000 +0.000000 +0.000000 +0.000000 +0.000000 +0.000000 +0.000000 +0.000000 +0.000000 +0.000000 +0.000000
ft 31 +0.000000 +0.000000 +0.000000 +0.000000 +0.000000 +0.000000 +0.000000 +0.000000 +0.000000 +0.000000 +0.000000 +0.000000 +0.000000 +0.000000 +0.000000 +0.000000 +0.000000 +0.000000 +0.000000 +0.000000 +0.000000 +0.000000 +0.000000 +0.000000 +0.000000 +0.000000 +0.000000 +0.000000 +0.000000 +0.000000 +0.000000 +0.000000 +0.000000 +0.000000 +0.000000 +0.000000
ft 32 +0.000000 +0.000000 +0.000000 +0.000000 +0.000000 +0.000000 +0.000000 +0.000000 +0.000000 +0.000000 +0.000000 +0.000000 +0.000000 +0.000000 +0.000000 +0.000000 +0.000000 +0.000000 +0.000000 +0.000000 +0.000000 +0.000000 +0.000000 +0.000000 +0.000000 +0.000000 +0.000000 +0.000000 +0.000000 +0.000000 +0.000000 +0.000000 +0.000000 +0.000000 +0.000000 +0.000000
ft 33 +0.608859 +0.415253 -0.952322 -0.932781 +0.339523 +0.868225 +0.608859 -0.415253 -0.339523 +0.844723 +0.817439 +0.088159 +0.749701 +0.971668 -0.415253 +0.868225 +0.174958 +0.888386 +0.785916 -0.943364 +0.844723 +0.000000 -0.174958 +0.985929 -0.174958 +0.174958 +0.888386 +0.550235 -0.339523 -0.661511 +0.550235 +0.980021 +0.000000 +0.000000 +0.000000 +0.000000
ft 34 +0.000000 +0.000000 +0.000000 +0.000000 +0.000000 +0.000000 +0.000000 +0.000000 +0.000000 +0.000000 +0.000000 +0.000000 +0.000000 +0.000000 +0.000000 +0.000000 +0.000000 +0.000000 +0.000000 +0.000000 +0.000000 +0.000000 +0.000000 +0.000000 +0.000000 +0.000000 +0.000000 +0.000000 +0.000000 +0.000000 +0.000000 +0.000000 +0.000000 +0.000000 +0.000000 +0.000000
ft 35 +0.339523 -0.749701 -0.905617 -0.415253 +0.485633 -0.661511 +0.000000 +0.749701 +0.174958 +0.888386 +0.932781 +0.415253 -0.661511 +0.971668 -0.088159 +0.550235 -0.608859 +0.485633 +0.339523 -0.174958 +0.485633 +0.608859 -0.608859 +0.943364 +0.485633 +0.339523 +0.608859 +0.749701 -0.608859 +0.749701 +0.550235 +0.785916 +0.000000 +0.000000 +0.000000 +1.000000
ft 36 +0.661511 -0.785916 -0.888386 -0.485633 +0.661511 -0.844723 -0.550235 +0.920301 +0.259120 +0.868225 +0.888386 +0.339523 -0.485633 +0.983231 -0.485633 +0.339523 -0.415253 +0.749701 +0.550235 +0.259120 +0.415253 +0.550235 -0.749701 +0.905617 +0.661511 +0.088159 +0.415253 +0.708360 -0.088159 +0.844723 +0.785916 +0.661511 +0.000000 +0.000000 +0.000000 +1.000000
ft 37 +0.000000 +0.000000 +0.000000 +0.000000 +0.000000 +0.000000 +0.000000 +0.000000 +0.000000 +0.000000 +0.000000 +0.000000 +0.000000 +0.000000 +0.000000 +0.000000 +0.000000 +0.000000 +0.000000 +0.000000 +0.000000 +0.000000 +0.000000 +0.000000 +0.000000 +0.000000 +0.000000 +0.000000 +0.000000 +0.000000 +0.000000 +0.000000 +0.000000 +0.000000 +0.000000 +0.000000
ft 38 +0.000000 +0.000000 +0.000000 +0.000000 +0.000000 +0.000000 +0.000000 +0.000000 +0.000000 +0.000000 +0.000000 +0.000000 +0.000000 +0.000000 +0.000000 +0.000000 +0.000000 +0.000000 +0.000000 +0.000000 +0.000000 +0.000000 +0.000000 +0.000000 +0.000000 +0.000000 +0.000000 +0.000000 +0.000000 +0.000000 +0.000000 +0.000000 +0.000000 +0.000000 +0.000000 +0.000000
ft 39 +0.000000 +0.000000 +0.000000 +0.000000 +0.000000 +0.000000 +0.000000 +0.000000 +0.000000 +0.000000 +0.000000 +0.000000 +0.000000 +0.000000 +0.000000 +0.000000 +0.000000 +0.000000 +0.000000 +0.000000 +0.000000 +0.000000 +0.000000 +0.000000 +0.000000 +0.000000 +0.000000 +0.000000 +0.000000 +0.000000 +0.000000 +0.000000 +0.000000 +0.000000 +0.000000 +0.000000
ft 40 +0.000000 +0.000000 +0.000000 +0.000000 +0.000000 +0.000000 +0.000000 +0.000000 +0.000000 +0.000000 +0.000000 +0.000000 +0.000000 +0.000000 +0.000000 +0.000000 +0.000000 +0.000000 +0.000000 +0.000000 +0.000000 +0.000000 +0.000000 +0.000000 +0.000000 +0.000000 +0.000000 +0.000000 +0.000000 +0.000000 +0.000000 +0.000000 +0.000000 +0.000000 +0.000000 +0.000000
ft 41 +0.000000 +0.000000 +0.000000 +0.000000 +0.000000 +0.000000 +0.000000 +0.000000 +0.000000 +0.000000 +0.000000 +0.000000 +0.000000 +0.000000 +0.000000 +0.000000 +0.000000 +0.000000 +0.000000 +0.000000 +0.000000 +0.000000 +0.000000 +0.000000 +0.000000 +0.000000 +0.000000 +0.000000 +0.000000 +0.000000 +0.000000 +0.000000 +0.000000 +0.000000 +0.000000 +0.000000
ft 42 +0.000000 +0.000000 +0.000000 +0.000000 +0.000000 +0.000000 +0.000000 +0.000000 +0.000000 +0.000000 +0.000000 +0.000000 +0.000000 +0.000000 +0.000000 +0.000000 +0.000000 +0.000000 +0.000000 +0.000000 +0.000000 +0.000000 +0.000000 +0.000000 +0.000000 +0.000000 +0.000000 +0.000000 +0.000000 +0.000000 +0.000000 +0.000000 +0.000000 +0.000000 +0.000000 +0.000000
ft 43 +0.000000 +0.000000 +0.000000 +0.000000 +0.000000 +0.000000 +0.000000 +0.000000 +0.000000 +0.000000 +0.000000 +0.000000 +0.000000 +0.000000 +0.000000 +0.000000 +0.000000 +0.000000 +0.000000 +0.000000 +0.000000 +0.000000 +0.000000 +0.000000 +0.000000 +0.000000 +0.000000 +0.000000 +0.000000 +0.000000 +0.000000 +0.000000 +0.000000 +0.000000 +0.000000 +0.000000
ft 44 +0.000000 +0.000000 +0.000000 +0.000000 +0.000000 +0.000000 +0.000000 +0.000000 +0.000000 +0.000000 +0.000000 +0.000000 +0.000000 +0.000000 +0.000000 +0.000000 +0.000000 +0.000000 +0.000000 +0.000000 +0.000000 +0.000000 +0.000000 +0.000000 +0.000000 +0.000000 +0.000000 +0.000000 +0.000000 +0.000000 +0.000000 +0.000000 +0.000000 +0.000000 +0.000000 +0.000000
sedge 11->25 14->35 15->36

[body 39] 13
| %.t58 <- &@s
| %.t60 <- *%.t58 [4]
| %.t61 = (int64)%.t60
| %.t63 = %.t58 + 8
| %.t64 <- *%.t63 [8]
| %.t65 = (int64)%.t64 (float)
| %.t66 = %.t61 + %.t65
| %.t68 = %.t58 + 16
| %.t69 <- *%.t68 [4]
| %.t70 = (int64)%.t69
| %.t71 = %.t66 + %.t70
| %.t72 = %.t71 & 1099511627775
| return %.t72
leaves %.t58 %.t60 %.t61 %.t64 %.t65 %.t69 %.t70
fp 0 none
fp 1 none
fp 2 none
fp 3 0000000000000008 0000000000000009 0000000000000009 0000000000000008 0000000000000008 f369ff9bd62e8b8c c05bdfc612660331 8f87a836c440dec1
fp 4 none
fp 5 none
fp 6 0000000000000000 0000000000000002 0000000000000000 0000000000000001 0000000000000000 14048d60c4877453 9a49f37e1f013472 e083934026a4f4ef
fp 7 0000000000000010 0000000000000011 0000000000000011 0000000000000010 0000000000000010 f369ff9bd62e8b94 c05bdfc612660339 8f87a836c440dec9
fp 8 none
fp 9 none
fp 10 0000000000000000 0000000000000003 0000000000000003 0000000000000002 0000000000000002 9253bf79fb71f06f d8d8d1dc52333158 af71b94ae2e91a79
fp 11 0000000000000000 0000000000000003 0000000000000003 0000000000000002 0000000000000002 00000079fb71f06f 000000dc52333158 0000004ae2e91a79
fp 12 none
ft 0 +0.000000 +0.000000 +0.000000 +0.000000 +0.000000 +0.000000 +0.000000 +0.000000 +0.000000 +0.000000 +0.000000 +0.000000 +0.000000 +0.000000 +0.000000 +0.000000 +0.000000 +0.000000 +0.000000 +0.000000 +0.000000 +0.000000 +0.000000 +0.000000 +0.000000 +0.000000 +0.000000 +0.000000 +0.000000 +0.000000 +0.000000 +0.000000 +0.000000 +0.000000 +0.000000 +0.000000
ft 1 +0.000000 +0.000000 +0.000000 +0.000000 +0.000000 +0.000000 +0.000000 +0.000000 +0.000000 +0.000000 +0.000000 +0.000000 +0.000000 +0.000000 +0.000000 +0.000000 +0.000000 +0.000000 +0.000000 +0.000000 +0.000000 +0.000000 +0.000000 +0.000000 +0.000000 +0.000000 +0.000000 +0.000000 +0.000000 +0.000000 +0.000000 +0.000000 +0.000000 +0.000000 +0.000000 +0.000000
ft 2 +0.000000 +0.000000 +0.000000 +0.000000 +0.000000 +0.000000 +0.000000 +0.000000 +0.000000 +0.000000 +0.000000 +0.000000 +0.000000 +0.000000 +0.000000 +0.000000 +0.000000 +0.000000 +0.000000 +0.000000 +0.000000 +0.000000 +0.000000 +0.000000 +0.000000 +0.000000 +0.000000 +0.000000 +0.000000 +0.000000 +0.000000 +0.000000 +0.000000 +0.000000 +0.000000 +0.000000
ft 3 +0.661511 -0.485633 -0.888386 +0.000000 +0.868225 +0.485633 +0.661511 -0.174958 -0.088159 +0.817439 +0.608859 +0.485633 -0.608859 +0.952322 -0.174958 +0.844723 +0.088159 -0.415253 -0.415253 -0.550235 +0.749701 -0.259120 +0.259120 +0.905617 +0.749701 +0.749701 +0.661511 +0.785916 -0.550235 -0.785916 +0.485633 +0.749701 +0.000000 +0.000000 +0.000000 +0.000000
ft 4 +0.000000 +0.000000 +0.000000 +0.000000 +0.000000 +0.000000 +0.000000 +0.000000 +0.000000 +0.000000 +0.000000 +0.000000 +0.000000 +0.000000 +0.000000 +0.000000 +0.000000 +0.000000 +0.000000 +0.000000 +0.000000 +0.000000 +0.000000 +0.000000 +0.000000 +0.000000 +0.000000 +0.000000 +0.000000 +0.000000 +0.000000 +0.000000 +0.000000 +0.000000 +0.000000 +0.000000
ft 5 +0.000000 +0.000000 +0.000000 +0.000000 +0.000000 +0.000000 +0.000000 +0.000000 +0.000000 +0.000000 +0.000000 +0.000000 +0.000000 +0.000000 +0.000000 +0.000000 +0.000000 +0.000000 +0.000000 +0.000000 +0.000000 +0.000000 +0.000000 +0.000000 +0.000000 +0.000000 +0.000000 +0.000000 +0.000000 +0.000000 +0.000000 +0.000000 +0.000000 +0.000000 +0.000000 +0.000000
ft 6 -0.174958 +0.817439 -0.966282 +0.259120 +0.888386 -0.259120 +0.000000 -0.868225 +0.485633 +0.708360 +0.749701 +0.550235 +0.088159 +0.920301 +0.088159 +0.952322 +0.785916 +0.959893 -0.339523 -0.174958 +0.608859 +0.339523 -0.339523 +0.959893 -0.174958 +0.000000 +0.485633 +0.817439 -0.959893 -0.749701 +0.661511 +0.844723 +0.000000 +0.000000 +0.000000 +0.000000
ft 7 +0.661511 -0.174958 -0.888386 -0.339523 +0.749701 +0.339523 +0.550235 -0.174958 +0.259120 +0.868225 +0.339523 +0.608859 -0.485633 +0.966282 +0.174958 +0.844723 -0.415253 -0.661511 -0.749701 -0.259120 +0.817439 -0.415253 -0.088159 +0.817439 +0.905617 +0.749701 +0.415253 +0.888386 -0.550235 -0.888386 +0.708360 +0.749701 +0.000000 +0.000000 +0.000000 +0.000000
ft 8 +0.000000 +0.000000 +0.000000 +0.000000 +0.000000 +0.000000 +0.000000 +0.000000 +0.000000 +0.000000 +0.000000 +0.000000 +0.000000 +0.000000 +0.000000 +0.000000 +0.000000 +0.000000 +0.000000 +0.000000 +0.000000 +0.000000 +0.000000 +0.000000 +0.000000 +0.000000 +0.000000 +0.000000 +0.000000 +0.000000 +0.000000 +0.000000 +0.000000 +0.000000 +0.000000 +0.000000
ft 9 +0.000000 +0.000000 +0.000000 +0.000000 +0.000000 +0.000000 +0.000000 +0.000000 +0.000000 +0.000000 +0.000000 +0.000000 +0.000000 +0.000000 +0.000000 +0.000000 +0.000000 +0.000000 +0.000000 +0.000000 +0.000000 +0.000000 +0.000000 +0.000000 +0.000000 +0.000000 +0.000000 +0.000000 +0.000000 +0.000000 +0.000000 +0.000000 +0.000000 +0.000000 +0.000000 +0.000000
ft 10 +0.608859 +0.661511 -0.749701 +0.868225 +0.888386 -0.259120 +0.174958 +0.259120 +0.485633 +0.708360 +0.868225 +0.749701 -0.088159 +0.339523 -0.868225 +0.749701 -0.608859 +0.920301 -0.339523 +0.844723 +0.174958 +0.485633 -0.485633 +0.485633 +0.339523 +0.785916 +0.608859 -0.259120 -0.844723 -0.868225 +0.259120 +0.943364 +0.000000 +0.000000 +0.000000 +0.000000
ft 11 +0.749701 +0.785916 -0.785916 +0.339523 +0.905617 +0.339523 +0.259120 +0.174958 +0.088159 +0.817439 +0.708360 +0.608859 +0.485633 +0.817439 -0.844723 +0.785916 -0.550235 +0.817439 +0.259120 +0.415253 +0.550235 +0.088159 -0.550235 +0.415253 +0.415253 +0.415253 +0.868225 +0.708360 -0.088159 -0.785916 -0.339523 +0.976204 +0.000000 +0.000000 +0.000000 +0.000000
ft 12 +0.000000 +0.000000 +0.000000 +0.000000 +0.000000 +0.000000 +0.000000 +0.000000 +0.000000 +0.000000 +0.000000 +0.000000 +0.000000 +0.000000 +0.000000 +0.000000 +0.000000 +0.000000 +0.000000 +0.000000 +0.000000 +0.000000 +0.000000 +0.000000 +0.000000 +0.000000 +0.000000 +0.000000 +0.000000 +0.000000 +0.000000 +0.000000 +0.000000 +0.000000 +0.000000 +0.000000
sedge 

[body 40] 13
| branch_eq @p, 0 -> ir_errdefer_ok_22
| %.t16 = (int64)0
| %.t17 = @n <= %.t16
| branch_zero %.t17 -> ir_if_next_19
| label ir_errdefer_ok_22
| return _
| label ir_if_next_19
| local @old : uint32
| @old = (uint32)0
| %.t21 = (uint32)1
| %.t22 <- &@old
| %.t20 = VirtualProtect(@p, @n, %.t21, %.t22)
| return _
leaves %.t16 %.t20 %.t21 %.t22 @n @old
fp 0 none
fp 1 none
fp 2 0000000000000001 0000000000000001 0000000000000000 0000000000000001 0000000000000001 0000000000000000 0000000000000001 0000000000000000
fp 3 none
fp 4 none
fp 5 none
fp 6 none
fp 7 none
fp 8 none
fp 9 none
fp 10 none
fp 11 none
fp 12 none
ft 0 +0.000000 +0.000000 +0.000000 +0.000000 +0.000000 +0.000000 +0.000000 +0.000000 +0.000000 +0.000000 +0.000000 +0.000000 +0.000000 +0.000000 +0.000000 +0.000000 +0.000000 +0.000000 +0.000000 +0.000000 +0.000000 +0.000000 +0.000000 +0.000000 +0.000000 +0.000000 +0.000000 +0.000000 +0.000000 +0.000000 +0.000000 +0.000000 +0.000000 +0.000000 +0.000000 +0.000000
ft 1 +0.000000 +0.000000 +0.000000 +0.000000 +0.000000 +0.000000 +0.000000 +0.000000 +0.000000 +0.000000 +0.000000 +0.000000 +0.000000 +0.000000 +0.000000 +0.000000 +0.000000 +0.000000 +0.000000 +0.000000 +0.000000 +0.000000 +0.000000 +0.000000 +0.000000 +0.000000 +0.000000 +0.000000 +0.000000 +0.000000 +0.000000 +0.000000 +0.000000 +0.000000 +0.000000 +0.000000
ft 2 +0.339523 +0.259120 -0.932781 -0.905617 +0.339523 +0.817439 +0.608859 -0.259120 -0.339523 +0.785916 +0.817439 +0.088159 +0.817439 +0.980021 -0.415253 +0.868225 +0.174958 +0.844723 +0.785916 -0.943364 +0.888386 +0.174958 -0.174958 +0.990099 -0.174958 +0.339523 +0.844723 +0.661511 -0.174958 -0.661511 +0.550235 +0.980021 +0.000000 +0.000000 +0.000000 +0.000000
ft 3 +0.000000 +0.000000 +0.000000 +0.000000 +0.000000 +0.000000 +0.000000 +0.000000 +0.000000 +0.000000 +0.000000 +0.000000 +0.000000 +0.000000 +0.000000 +0.000000 +0.000000 +0.000000 +0.000000 +0.000000 +0.000000 +0.000000 +0.000000 +0.000000 +0.000000 +0.000000 +0.000000 +0.000000 +0.000000 +0.000000 +0.000000 +0.000000 +0.000000 +0.000000 +0.000000 +0.000000
ft 4 +0.000000 +0.000000 +0.000000 +0.000000 +0.000000 +0.000000 +0.000000 +0.000000 +0.000000 +0.000000 +0.000000 +0.000000 +0.000000 +0.000000 +0.000000 +0.000000 +0.000000 +0.000000 +0.000000 +0.000000 +0.000000 +0.000000 +0.000000 +0.000000 +0.000000 +0.000000 +0.000000 +0.000000 +0.000000 +0.000000 +0.000000 +0.000000 +0.000000 +0.000000 +0.000000 +0.000000
ft 5 +0.000000 +0.000000 +0.000000 +0.000000 +0.000000 +0.000000 +0.000000 +0.000000 +0.000000 +0.000000 +0.000000 +0.000000 +0.000000 +0.000000 +0.000000 +0.000000 +0.000000 +0.000000 +0.000000 +0.000000 +0.000000 +0.000000 +0.000000 +0.000000 +0.000000 +0.000000 +0.000000 +0.000000 +0.000000 +0.000000 +0.000000 +0.000000 +0.000000 +0.000000 +0.000000 +0.000000
ft 6 +0.000000 +0.000000 +0.000000 +0.000000 +0.000000 +0.000000 +0.000000 +0.000000 +0.000000 +0.000000 +0.000000 +0.000000 +0.000000 +0.000000 +0.000000 +0.000000 +0.000000 +0.000000 +0.000000 +0.000000 +0.000000 +0.000000 +0.000000 +0.000000 +0.000000 +0.000000 +0.000000 +0.000000 +0.000000 +0.000000 +0.000000 +0.000000 +0.000000 +0.000000 +0.000000 +0.000000
ft 7 +0.000000 +0.000000 +0.000000 +0.000000 +0.000000 +0.000000 +0.000000 +0.000000 +0.000000 +0.000000 +0.000000 +0.000000 +0.000000 +0.000000 +0.000000 +0.000000 +0.000000 +0.000000 +0.000000 +0.000000 +0.000000 +0.000000 +0.000000 +0.000000 +0.000000 +0.000000 +0.000000 +0.000000 +0.000000 +0.000000 +0.000000 +0.000000 +0.000000 +0.000000 +0.000000 +0.000000
ft 8 +0.000000 +0.000000 +0.000000 +0.000000 +0.000000 +0.000000 +0.000000 +0.000000 +0.000000 +0.000000 +0.000000 +0.000000 +0.000000 +0.000000 +0.000000 +0.000000 +0.000000 +0.000000 +0.000000 +0.000000 +0.000000 +0.000000 +0.000000 +0.000000 +0.000000 +0.000000 +0.000000 +0.000000 +0.000000 +0.000000 +0.000000 +0.000000 +0.000000 +0.000000 +0.000000 +0.000000
ft 9 +0.000000 +0.000000 +0.000000 +0.000000 +0.000000 +0.000000 +0.000000 +0.000000 +0.000000 +0.000000 +0.000000 +0.000000 +0.000000 +0.000000 +0.000000 +0.000000 +0.000000 +0.000000 +0.000000 +0.000000 +0.000000 +0.000000 +0.000000 +0.000000 +0.000000 +0.000000 +0.000000 +0.000000 +0.000000 +0.000000 +0.000000 +0.000000 +0.000000 +0.000000 +0.000000 +0.000000
ft 10 +0.000000 +0.000000 +0.000000 +0.000000 +0.000000 +0.000000 +0.000000 +0.000000 +0.000000 +0.000000 +0.000000 +0.000000 +0.000000 +0.000000 +0.000000 +0.000000 +0.000000 +0.000000 +0.000000 +0.000000 +0.000000 +0.000000 +0.000000 +0.000000 +0.000000 +0.000000 +0.000000 +0.000000 +0.000000 +0.000000 +0.000000 +0.000000 +0.000000 +0.000000 +0.000000 +0.000000
ft 11 +0.000000 +0.000000 +0.000000 +0.000000 +0.000000 +0.000000 +0.000000 +0.000000 +0.000000 +0.000000 +0.000000 +0.000000 +0.000000 +0.000000 +0.000000 +0.000000 +0.000000 +0.000000 +0.000000 +0.000000 +0.000000 +0.000000 +0.000000 +0.000000 +0.000000 +0.000000 +0.000000 +0.000000 +0.000000 +0.000000 +0.000000 +0.000000 +0.000000 +0.000000 +0.000000 +0.000000
ft 12 +0.000000 +0.000000 +0.000000 +0.000000 +0.000000 +0.000000 +0.000000 +0.000000 +0.000000 +0.000000 +0.000000 +0.000000 +0.000000 +0.000000 +0.000000 +0.000000 +0.000000 +0.000000 +0.000000 +0.000000 +0.000000 +0.000000 +0.000000 +0.000000 +0.000000 +0.000000 +0.000000 +0.000000 +0.000000 +0.000000 +0.000000 +0.000000 +0.000000 +0.000000 +0.000000 +0.000000
sedge 

[body 41] 31
| branch_eq @h, 0 -> ir_errdefer_ok_338
| %.t672 = (int64)0
| %.t673 = @n <= %.t672
| branch_zero %.t673 -> ir_if_next_335
| label ir_errdefer_ok_338
| return 0
| label ir_if_next_335
| %.t675 = @h + 2776
| local @__inl_51_param_lock_var : int32*
| @__inl_51_param_lock_var <- %.t675
| label __inl_51_lbl_ir_while_220
| %__inl_51_tmp___inl_5_tmp_.t300 = InterlockedCompareExchange(@__inl_51_param_lock_var, 1, 0)
| %__inl_51_tmp___inl_5_tmp_.t301 = %__inl_51_tmp___inl_5_tmp_.t300 == 0
| branch_zero %__inl_51_tmp___inl_5_tmp_.t301 -> __inl_51_lbl___inl_5_lbl_ir_errdefer_ok_217
| %__inl_51_tmp_.t304 <- 1
| jump __inl_51_lbl___inl_5_label_end
| label __inl_51_lbl___inl_5_lbl_ir_errdefer_ok_217
| %__inl_51_tmp_.t304 <- 0
| label __inl_51_lbl___inl_5_label_end
| %__inl_51_tmp_.t305 = %__inl_51_tmp_.t304 == 0
| branch_zero %__inl_51_tmp_.t305 -> __inl_51_lbl_ir_errdefer_ok_222
| _ = Sleep(0)
| jump __inl_51_lbl_ir_while_220
| label __inl_51_lbl_ir_errdefer_ok_222
| local @p : cstring
| @p = mem_alloc_nolock(@h, @n)
| %.t677 = @h + 2776
| local @__inl_52_param_lock_var : int32*
| @__inl_52_param_lock_var <- %.t677
| %__inl_52_tmp_.t307 = InterlockedExchange(%.t677, 0)
| return @p
leaves %.t672 %__inl_51_tmp_.t304 %__inl_51_tmp___inl_5_tmp_.t300 %__inl_52_tmp_.t307 @__inl_51_param_lock_var @h @n @p
fp 0 none
fp 1 none
fp 2 0000000000000001 0000000000000001 0000000000000000 0000000000000001 0000000000000000 0000000000000000 0000000000000001 0000000000000000
fp 3 none
fp 4 none
fp 5 none
fp 6 none
fp 7 0000000000000ad8 0000000000000ad9 0000000000000ad8 0000000000000ad8 0000000000000adb 7555c116a2886669 2e199639e93cf0de f3fcc0c8cabb0040
fp 8 none
fp 9 none
fp 10 none
fp 11 none
fp 12 0000000000000001 0000000000000000 0000000000000001 0000000000000000 0000000000000000 0000000000000000 0000000000000000 0000000000000000
fp 13 none
fp 14 none
fp 15 none
fp 16 none
fp 17 none
fp 18 none
fp 19 0000000000000001 0000000000000000 0000000000000001 0000000000000000 0000000000000001 0000000000000000 0000000000000000 0000000000000000
fp 20 none
fp 21 none
fp 22 none
fp 23 none
fp 24 none
fp 25 none
fp 26 0000000000000ad8 0000000000000ad9 0000000000000ad8 0000000000000ad8 0000000000000adb 7555c116a2886669 2e199639e93cf0de f3fcc0c8cabb0040
fp 27 none
fp 28 0000000000000ad8 0000000000000ad9 0000000000000ad8 0000000000000ad8 0000000000000adb 7555c116a2886669 2e199639e93cf0de f3fcc0c8cabb0040
fp 29 none
fp 30 none
ft 0 +0.000000 +0.000000 +0.000000 +0.000000 +0.000000 +0.000000 +0.000000 +0.000000 +0.000000 +0.000000 +0.000000 +0.000000 +0.000000 +0.000000 +0.000000 +0.000000 +0.000000 +0.000000 +0.000000 +0.000000 +0.000000 +0.000000 +0.000000 +0.000000 +0.000000 +0.000000 +0.000000 +0.000000 +0.000000 +0.000000 +0.000000 +0.000000 +0.000000 +0.000000 +0.000000 +0.000000
ft 1 +0.000000 +0.000000 +0.000000 +0.000000 +0.000000 +0.000000 +0.000000 +0.000000 +0.000000 +0.000000 +0.000000 +0.000000 +0.000000 +0.000000 +0.000000 +0.000000 +0.000000 +0.000000 +0.000000 +0.000000 +0.000000 +0.000000 +0.000000 +0.000000 +0.000000 +0.000000 +0.000000 +0.000000 +0.000000 +0.000000 +0.000000 +0.000000 +0.000000 +0.000000 +0.000000 +0.000000
ft 2 +0.415253 +0.174958 -0.943364 -0.888386 +0.415253 +0.844723 +0.661511 -0.339523 -0.415253 +0.817439 +0.785916 +0.000000 +0.785916 +0.983231 -0.339523 +0.844723 +0.259120 +0.817439 +0.749701 -0.952322 +0.905617 +0.088159 -0.259120 +0.991697 -0.088159 +0.415253 +0.868225 +0.708360 -0.088159 -0.608859 +0.485633 +0.983231 +0.000000 +0.000000 +0.000000 +0.000000
ft 3 +0.000000 +0.000000 +0.000000 +0.000000 +0.000000 +0.000000 +0.000000 +0.000000 +0.000000 +0.000000 +0.000000 +0.000000 +0.000000 +0.000000 +0.000000 +0.000000 +0.000000 +0.000000 +0.000000 +0.000000 +0.000000 +0.000000 +0.000000 +0.000000 +0.000000 +0.000000 +0.000000 +0.000000 +0.000000 +0.000000 +0.000000 +0.000000 +0.000000 +0.000000 +0.000000 +0.000000
ft 4 +0.000000 +0.000000 +0.000000 +0.000000 +0.000000 +0.000000 +0.000000 +0.000000 +0.000000 +0.000000 +0.000000 +0.000000 +0.000000 +0.000000 +0.000000 +0.000000 +0.000000 +0.000000 +0.000000 +0.000000 +0.000000 +0.000000 +0.000000 +0.000000 +0.000000 +0.000000 +0.000000 +0.000000 +0.000000 +0.000000 +0.000000 +0.000000 +0.000000 +0.000000 +0.000000 +0.000000
ft 5 +0.000000 +0.000000 +0.000000 +0.000000 +0.000000 +0.000000 +0.000000 +0.000000 +0.000000 +0.000000 +0.000000 +0.000000 +0.000000 +0.000000 +0.000000 +0.000000 +0.000000 +0.000000 +0.000000 +0.000000 +0.000000 +0.000000 +0.000000 +0.000000 +0.000000 +0.000000 +0.000000 +0.000000 +0.000000 +0.000000 +0.000000 +0.000000 +0.000000 +0.000000 +0.000000 +0.000000
ft 6 +0.000000 +0.000000 +0.000000 +0.000000 +0.000000 +0.000000 +0.000000 +0.000000 +0.000000 +0.000000 +0.000000 +0.000000 +0.000000 +0.000000 +0.000000 +0.000000 +0.000000 +0.000000 +0.000000 +0.000000 +0.000000 +0.000000 +0.000000 +0.000000 +0.000000 +0.000000 +0.000000 +0.000000 +0.000000 +0.000000 +0.000000 +0.000000 +0.000000 +0.000000 +0.000000 +0.000000
ft 7 +0.339523 -0.088159 -0.868225 -0.550235 +0.844723 -0.749701 +0.785916 -0.088159 +0.708360 +0.995106 +0.966282 -0.905617 -0.088159 +0.174958 -0.088159 +0.088159 +0.608859 +0.174958 +0.608859 +0.174958 +0.608859 +0.708360 +0.485633 +0.985929 +0.000000 -0.943364 +0.844723 -0.868225 -0.339523 -0.550235 -0.088159 +0.174958 +0.000000 +0.000000 +0.000000 +0.000000
ft 8 +0.000000 +0.000000 +0.000000 +0.000000 +0.000000 +0.000000 +0.000000 +0.000000 +0.000000 +0.000000 +0.000000 +0.000000 +0.000000 +0.000000 +0.000000 +0.000000 +0.000000 +0.000000 +0.000000 +0.000000 +0.000000 +0.000000 +0.000000 +0.000000 +0.000000 +0.000000 +0.000000 +0.000000 +0.000000 +0.000000 +0.000000 +0.000000 +0.000000 +0.000000 +0.000000 +0.000000
ft 9 +0.000000 +0.000000 +0.000000 +0.000000 +0.000000 +0.000000 +0.000000 +0.000000 +0.000000 +0.000000 +0.000000 +0.000000 +0.000000 +0.000000 +0.000000 +0.000000 +0.000000 +0.000000 +0.000000 +0.000000 +0.000000 +0.000000 +0.000000 +0.000000 +0.000000 +0.000000 +0.000000 +0.000000 +0.000000 +0.000000 +0.000000 +0.000000 +0.000000 +0.000000 +0.000000 +0.000000
ft 10 +0.000000 +0.000000 +0.000000 +0.000000 +0.000000 +0.000000 +0.000000 +0.000000 +0.000000 +0.000000 +0.000000 +0.000000 +0.000000 +0.000000 +0.000000 +0.000000 +0.000000 +0.000000 +0.000000 +0.000000 +0.000000 +0.000000 +0.000000 +0.000000 +0.000000 +0.000000 +0.000000 +0.000000 +0.000000 +0.000000 +0.000000 +0.000000 +0.000000 +0.000000 +0.000000 +0.000000
ft 11 +0.000000 +0.000000 +0.000000 +0.000000 +0.000000 +0.000000 +0.000000 +0.000000 +0.000000 +0.000000 +0.000000 +0.000000 +0.000000 +0.000000 +0.000000 +0.000000 +0.000000 +0.000000 +0.000000 +0.000000 +0.000000 +0.000000 +0.000000 +0.000000 +0.000000 +0.000000 +0.000000 +0.000000 +0.000000 +0.000000 +0.000000 +0.000000 +0.000000 +0.000000 +0.000000 +0.000000
ft 12 +0.661511 +0.339523 -0.959893 -0.888386 +0.259120 +0.844723 +0.661511 -0.608859 -0.088159 +0.868225 +0.844723 +0.000000 +0.785916 +0.983231 -0.174958 +0.844723 +0.088159 +0.749701 +0.868225 -0.966282 +0.868225 +0.088159 -0.259120 +0.988196 -0.088159 +0.415253 +0.868225 +0.708360 -0.415253 -0.485633 +0.339523 +0.976204 +0.000000 +0.000000 +0.000000 +0.000000
ft 13 +0.000000 +0.000000 +0.000000 +0.000000 +0.000000 +0.000000 +0.000000 +0.000000 +0.000000 +0.000000 +0.000000 +0.000000 +0.000000 +0.000000 +0.000000 +0.000000 +0.000000 +0.000000 +0.000000 +0.000000 +0.000000 +0.000000 +0.000000 +0.000000 +0.000000 +0.000000 +0.000000 +0.000000 +0.000000 +0.000000 +0.000000 +0.000000 +0.000000 +0.000000 +0.000000 +0.000000
ft 14 +0.000000 +0.000000 +0.000000 +0.000000 +0.000000 +0.000000 +0.000000 +0.000000 +0.000000 +0.000000 +0.000000 +0.000000 +0.000000 +0.000000 +0.000000 +0.000000 +0.000000 +0.000000 +0.000000 +0.000000 +0.000000 +0.000000 +0.000000 +0.000000 +0.000000 +0.000000 +0.000000 +0.000000 +0.000000 +0.000000 +0.000000 +0.000000 +0.000000 +0.000000 +0.000000 +0.000000
ft 15 +0.000000 +0.000000 +0.000000 +0.000000 +0.000000 +0.000000 +0.000000 +0.000000 +0.000000 +0.000000 +0.000000 +0.000000 +0.000000 +0.000000 +0.000000 +0.000000 +0.000000 +0.000000 +0.000000 +0.000000 +0.000000 +0.000000 +0.000000 +0.000000 +0.000000 +0.000000 +0.000000 +0.000000 +0.000000 +0.000000 +0.000000 +0.000000 +0.000000 +0.000000 +0.000000 +0.000000
ft 16 +0.000000 +0.000000 +0.000000 +0.000000 +0.000000 +0.000000 +0.000000 +0.000000 +0.000000 +0.000000 +0.000000 +0.000000 +0.000000 +0.000000 +0.000000 +0.000000 +0.000000 +0.000000 +0.000000 +0.000000 +0.000000 +0.000000 +0.000000 +0.000000 +0.000000 +0.000000 +0.000000 +0.000000 +0.000000 +0.000000 +0.000000 +0.000000 +0.000000 +0.000000 +0.000000 +0.000000
ft 17 +0.000000 +0.000000 +0.000000 +0.000000 +0.000000 +0.000000 +0.000000 +0.000000 +0.000000 +0.000000 +0.000000 +0.000000 +0.000000 +0.000000 +0.000000 +0.000000 +0.000000 +0.000000 +0.000000 +0.000000 +0.000000 +0.000000 +0.000000 +0.000000 +0.000000 +0.000000 +0.000000 +0.000000 +0.000000 +0.000000 +0.000000 +0.000000 +0.000000 +0.000000 +0.000000 +0.000000
ft 18 +0.000000 +0.000000 +0.000000 +0.000000 +0.000000 +0.000000 +0.000000 +0.000000 +0.000000 +0.000000 +0.000000 +0.000000 +0.000000 +0.000000 +0.000000 +0.000000 +0.000000 +0.000000 +0.000000 +0.000000 +0.000000 +0.000000 +0.000000 +0.000000 +0.000000 +0.000000 +0.000000 +0.000000 +0.000000 +0.000000 +0.000000 +0.000000 +0.000000 +0.000000 +0.000000 +0.000000
ft 19 +0.608859 +0.415253 -0.952322 -0.905617 +0.174958 +0.817439 +0.608859 -0.550235 +0.000000 +0.844723 +0.868225 +0.088159 +0.817439 +0.980021 -0.259120 +0.868225 +0.000000 +0.785916 +0.888386 -0.959893 +0.844723 +0.174958 -0.174958 +0.985929 -0.174958 +0.339523 +0.844723 +0.661511 -0.485633 -0.550235 +0.415253 +0.971668 +0.000000 +0.000000 +0.000000 +0.000000
ft 20 +0.000000 +0.000000 +0.000000 +0.000000 +0.000000 +0.000000 +0.000000 +0.000000 +0.000000 +0.000000 +0.000000 +0.000000 +0.000000 +0.000000 +0.000000 +0.000000 +0.000000 +0.000000 +0.000000 +0.000000 +0.000000 +0.000000 +0.000000 +0.000000 +0.000000 +0.000000 +0.000000 +0.000000 +0.000000 +0.000000 +0.000000 +0.000000 +0.000000 +0.000000 +0.000000 +0.000000
ft 21 +0.000000 +0.000000 +0.000000 +0.000000 +0.000000 +0.000000 +0.000000 +0.000000 +0.000000 +0.000000 +0.000000 +0.000000 +0.000000 +0.000000 +0.000000 +0.000000 +0.000000 +0.000000 +0.000000 +0.000000 +0.000000 +0.000000 +0.000000 +0.000000 +0.000000 +0.000000 +0.000000 +0.000000 +0.000000 +0.000000 +0.000000 +0.000000 +0.000000 +0.000000 +0.000000 +0.000000
ft 22 +0.000000 +0.000000 +0.000000 +0.000000 +0.000000 +0.000000 +0.000000 +0.000000 +0.000000 +0.000000 +0.000000 +0.000000 +0.000000 +0.000000 +0.000000 +0.000000 +0.000000 +0.000000 +0.000000 +0.000000 +0.000000 +0.000000 +0.000000 +0.000000 +0.000000 +0.000000 +0.000000 +0.000000 +0.000000 +0.000000 +0.000000 +0.000000 +0.000000 +0.000000 +0.000000 +0.000000
ft 23 +0.000000 +0.000000 +0.000000 +0.000000 +0.000000 +0.000000 +0.000000 +0.000000 +0.000000 +0.000000 +0.000000 +0.000000 +0.000000 +0.000000 +0.000000 +0.000000 +0.000000 +0.000000 +0.000000 +0.000000 +0.000000 +0.000000 +0.000000 +0.000000 +0.000000 +0.000000 +0.000000 +0.000000 +0.000000 +0.000000 +0.000000 +0.000000 +0.000000 +0.000000 +0.000000 +0.000000
ft 24 +0.000000 +0.000000 +0.000000 +0.000000 +0.000000 +0.000000 +0.000000 +0.000000 +0.000000 +0.000000 +0.000000 +0.000000 +0.000000 +0.000000 +0.000000 +0.000000 +0.000000 +0.000000 +0.000000 +0.000000 +0.000000 +0.000000 +0.000000 +0.000000 +0.000000 +0.000000 +0.000000 +0.000000 +0.000000 +0.000000 +0.000000 +0.000000 +0.000000 +0.000000 +0.000000 +0.000000
ft 25 +0.000000 +0.000000 +0.000000 +0.000000 +0.000000 +0.000000 +0.000000 +0.000000 +0.000000 +0.000000 +0.000000 +0.000000 +0.000000 +0.000000 +0.000000 +0.000000 +0.000000 +0.000000 +0.000000 +0.000000 +0.000000 +0.000000 +0.000000 +0.000000 +0.000000 +0.000000 +0.000000 +0.000000 +0.000000 +0.000000 +0.000000 +0.000000 +0.000000 +0.000000 +0.000000 +0.000000
ft 26 +0.339523 -0.088159 -0.868225 -0.550235 +0.844723 -0.749701 +0.785916 -0.088159 +0.708360 +0.995106 +0.966282 -0.905617 -0.088159 +0.174958 -0.088159 +0.088159 +0.608859 +0.174958 +0.608859 +0.174958 +0.608859 +0.708360 +0.485633 +0.985929 +0.000000 -0.943364 +0.844723 -0.868225 -0.339523 -0.550235 -0.088159 +0.174958 +0.000000 +0.000000 +0.000000 +1.000000
ft 27 +0.000000 +0.000000 +0.000000 +0.000000 +0.000000 +0.000000 +0.000000 +0.000000 +0.000000 +0.000000 +0.000000 +0.000000 +0.000000 +0.000000 +0.000000 +0.000000 +0.000000 +0.000000 +0.000000 +0.000000 +0.000000 +0.000000 +0.000000 +0.000000 +0.000000 +0.000000 +0.000000 +0.000000 +0.000000 +0.000000 +0.000000 +0.000000 +0.000000 +0.000000 +0.000000 +0.000000
ft 28 +0.339523 -0.088159 -0.868225 -0.550235 +0.844723 -0.749701 +0.785916 -0.088159 +0.708360 +0.995106 +0.966282 -0.905617 -0.088159 +0.174958 -0.088159 +0.088159 +0.608859 +0.174958 +0.608859 +0.174958 +0.608859 +0.708360 +0.485633 +0.985929 +0.000000 -0.943364 +0.844723 -0.868225 -0.339523 -0.550235 -0.088159 +0.174958 +0.000000 +0.000000 +0.000000 +1.000000
ft 29 +0.000000 +0.000000 +0.000000 +0.000000 +0.000000 +0.000000 +0.000000 +0.000000 +0.000000 +0.000000 +0.000000 +0.000000 +0.000000 +0.000000 +0.000000 +0.000000 +0.000000 +0.000000 +0.000000 +0.000000 +0.000000 +0.000000 +0.000000 +0.000000 +0.000000 +0.000000 +0.000000 +0.000000 +0.000000 +0.000000 +0.000000 +0.000000 +0.000000 +0.000000 +0.000000 +0.000000
ft 30 +0.000000 +0.000000 +0.000000 +0.000000 +0.000000 +0.000000 +0.000000 +0.000000 +0.000000 +0.000000 +0.000000 +0.000000 +0.000000 +0.000000 +0.000000 +0.000000 +0.000000 +0.000000 +0.000000 +0.000000 +0.000000 +0.000000 +0.000000 +0.000000 +0.000000 +0.000000 +0.000000 +0.000000 +0.000000 +0.000000 +0.000000 +0.000000 +0.000000 +0.000000 +0.000000 +0.000000
sedge 7->26 26->28

[body 42] 38
| local @r : int64
| @r = @p0 & 1099511627775
| local @k : int64
| @k <- 1
| %.t55 = @r + @k
| %.t56 = %.t55 & 1099511627775
| @r <- %.t56
| @k <- 2
| %.t55 = @r + @k
| %.t56 = %.t55 & 1099511627775
| @r <- %.t56
| @k <- 3
| %.t55 = @r + @k
| %.t56 = %.t55 & 1099511627775
| @r <- %.t56
| @k <- 4
| %.t55 = @r + @k
| %.t56 = %.t55 & 1099511627775
| @r <- %.t56
| @k <- 5
| %.t55 = @r + @k
| %.t56 = %.t55 & 1099511627775
| @r <- %.t56
| @k <- 6
| %.t55 = @r + @k
| %.t56 = %.t55 & 1099511627775
| @r <- %.t56
| @k <- 7
| %.t55 = @r + @k
| %.t56 = %.t55 & 1099511627775
| @r <- %.t56
| @k <- 8
| %.t55 = @r + @k
| %.t56 = %.t55 & 1099511627775
| @r <- %.t56
| @k <- 9
| %.t58 = @r & 1099511627775
| return %.t58
leaves %.t55 %.t56 @k @r
fp 0 none
fp 1 none
fp 2 none
fp 3 none
fp 4 none
fp 5 none
fp 6 none
fp 7 none
fp 8 none
fp 9 none
fp 10 none
fp 11 none
fp 12 none
fp 13 none
fp 14 none
fp 15 none
fp 16 none
fp 17 none
fp 18 none
fp 19 none
fp 20 none
fp 21 none
fp 22 none
fp 23 none
fp 24 none
fp 25 none
fp 26 none
fp 27 none
fp 28 none
fp 29 none
fp 30 none
fp 31 none
fp 32 none
fp 33 none
fp 34 none
fp 35 none
fp 36 0000000000000000 0000000000000001 0000000000000000 0000000000000003 0000000000000002 00000047fdc0d712 000000e2e90c6f4a 000000f659c86330
fp 37 none
ft 0 +0.000000 +0.000000 +0.000000 +0.000000 +0.000000 +0.000000 +0.000000 +0.000000 +0.000000 +0.000000 +0.000000 +0.000000 +0.000000 +0.000000 +0.000000 +0.000000 +0.000000 +0.000000 +0.000000 +0.000000 +0.000000 +0.000000 +0.000000 +0.000000 +0.000000 +0.000000 +0.000000 +0.000000 +0.000000 +0.000000 +0.000000 +0.000000 +0.000000 +0.000000 +0.000000 +0.000000
ft 1 +0.000000 +0.000000 +0.000000 +0.000000 +0.000000 +0.000000 +0.000000 +0.000000 +0.000000 +0.000000 +0.000000 +0.000000 +0.000000 +0.000000 +0.000000 +0.000000 +0.000000 +0.000000 +0.000000 +0.000000 +0.000000 +0.000000 +0.000000 +0.000000 +0.000000 +0.000000 +0.000000 +0.000000 +0.000000 +0.000000 +0.000000 +0.000000 +0.000000 +0.000000 +0.000000 +0.000000
ft 2 +0.000000 +0.000000 +0.000000 +0.000000 +0.000000 +0.000000 +0.000000 +0.000000 +0.000000 +0.000000 +0.000000 +0.000000 +0.000000 +0.000000 +0.000000 +0.000000 +0.000000 +0.000000 +0.000000 +0.000000 +0.000000 +0.000000 +0.000000 +0.000000 +0.000000 +0.000000 +0.000000 +0.000000 +0.000000 +0.000000 +0.000000 +0.000000 +0.000000 +0.000000 +0.000000 +0.000000
ft 3 +0.000000 +0.000000 +0.000000 +0.000000 +0.000000 +0.000000 +0.000000 +0.000000 +0.000000 +0.000000 +0.000000 +0.000000 +0.000000 +0.000000 +0.000000 +0.000000 +0.000000 +0.000000 +0.000000 +0.000000 +0.000000 +0.000000 +0.000000 +0.000000 +0.000000 +0.000000 +0.000000 +0.000000 +0.000000 +0.000000 +0.000000 +0.000000 +0.000000 +0.000000 +0.000000 +0.000000
ft 4 +0.000000 +0.000000 +0.000000 +0.000000 +0.000000 +0.000000 +0.000000 +0.000000 +0.000000 +0.000000 +0.000000 +0.000000 +0.000000 +0.000000 +0.000000 +0.000000 +0.000000 +0.000000 +0.000000 +0.000000 +0.000000 +0.000000 +0.000000 +0.000000 +0.000000 +0.000000 +0.000000 +0.000000 +0.000000 +0.000000 +0.000000 +0.000000 +0.000000 +0.000000 +0.000000 +0.000000
ft 5 +0.000000 +0.000000 +0.000000 +0.000000 +0.000000 +0.000000 +0.000000 +0.000000 +0.000000 +0.000000 +0.000000 +0.000000 +0.000000 +0.000000 +0.000000 +0.000000 +0.000000 +0.000000 +0.000000 +0.000000 +0.000000 +0.000000 +0.000000 +0.000000 +0.000000 +0.000000 +0.000000 +0.000000 +0.000000 +0.000000 +0.000000 +0.000000 +0.000000 +0.000000 +0.000000 +0.000000
ft 6 +0.000000 +0.000000 +0.000000 +0.000000 +0.000000 +0.000000 +0.000000 +0.000000 +0.000000 +0.000000 +0.000000 +0.000000 +0.000000 +0.000000 +0.000000 +0.000000 +0.000000 +0.000000 +0.000000 +0.000000 +0.000000 +0.000000 +0.000000 +0.000000 +0.000000 +0.000000 +0.000000 +0.000000 +0.000000 +0.000000 +0.000000 +0.000000 +0.000000 +0.000000 +0.000000 +0.000000
ft 7 +0.000000 +0.000000 +0.000000 +0.000000 +0.000000 +0.000000 +0.000000 +0.000000 +0.000000 +0.000000 +0.000000 +0.000000 +0.000000 +0.000000 +0.000000 +0.000000 +0.000000 +0.000000 +0.000000 +0.000000 +0.000000 +0.000000 +0.000000 +0.000000 +0.000000 +0.000000 +0.000000 +0.000000 +0.000000 +0.000000 +0.000000 +0.000000 +0.000000 +0.000000 +0.000000 +0.000000
ft 8 +0.000000 +0.000000 +0.000000 +0.000000 +0.000000 +0.000000 +0.000000 +0.000000 +0.000000 +0.000000 +0.000000 +0.000000 +0.000000 +0.000000 +0.000000 +0.000000 +0.000000 +0.000000 +0.000000 +0.000000 +0.000000 +0.000000 +0.000000 +0.000000 +0.000000 +0.000000 +0.000000 +0.000000 +0.000000 +0.000000 +0.000000 +0.000000 +0.000000 +0.000000 +0.000000 +0.000000
ft 9 +0.000000 +0.000000 +0.000000 +0.000000 +0.000000 +0.000000 +0.000000 +0.000000 +0.000000 +0.000000 +0.000000 +0.000000 +0.000000 +0.000000 +0.000000 +0.000000 +0.000000 +0.000000 +0.000000 +0.000000 +0.000000 +0.000000 +0.000000 +0.000000 +0.000000 +0.000000 +0.000000 +0.000000 +0.000000 +0.000000 +0.000000 +0.000000 +0.000000 +0.000000 +0.000000 +0.000000
ft 10 +0.000000 +0.000000 +0.000000 +0.000000 +0.000000 +0.000000 +0.000000 +0.000000 +0.000000 +0.000000 +0.000000 +0.000000 +0.000000 +0.000000 +0.000000 +0.000000 +0.000000 +0.000000 +0.000000 +0.000000 +0.000000 +0.000000 +0.000000 +0.000000 +0.000000 +0.000000 +0.000000 +0.000000 +0.000000 +0.000000 +0.000000 +0.000000 +0.000000 +0.000000 +0.000000 +0.000000
ft 11 +0.000000 +0.000000 +0.000000 +0.000000 +0.000000 +0.000000 +0.000000 +0.000000 +0.000000 +0.000000 +0.000000 +0.000000 +0.000000 +0.000000 +0.000000 +0.000000 +0.000000 +0.000000 +0.000000 +0.000000 +0.000000 +0.000000 +0.000000 +0.000000 +0.000000 +0.000000 +0.000000 +0.000000 +0.000000 +0.000000 +0.000000 +0.000000 +0.000000 +0.000000 +0.000000 +0.000000
ft 12 +0.000000 +0.000000 +0.000000 +0.000000 +0.000000 +0.000000 +0.000000 +0.000000 +0.000000 +0.000000 +0.000000 +0.000000 +0.000000 +0.000000 +0.000000 +0.000000 +0.000000 +0.000000 +0.000000 +0.000000 +0.000000 +0.000000 +0.000000 +0.000000 +0.000000 +0.000000 +0.000000 +0.000000 +0.000000 +0.000000 +0.000000 +0.000000 +0.000000 +0.000000 +0.000000 +0.000000
ft 13 +0.000000 +0.000000 +0.000000 +0.000000 +0.000000 +0.000000 +0.000000 +0.000000 +0.000000 +0.000000 +0.000000 +0.000000 +0.000000 +0.000000 +0.000000 +0.000000 +0.000000 +0.000000 +0.000000 +0.000000 +0.000000 +0.000000 +0.000000 +0.000000 +0.000000 +0.000000 +0.000000 +0.000000 +0.000000 +0.000000 +0.000000 +0.000000 +0.000000 +0.000000 +0.000000 +0.000000
ft 14 +0.000000 +0.000000 +0.000000 +0.000000 +0.000000 +0.000000 +0.000000 +0.000000 +0.000000 +0.000000 +0.000000 +0.000000 +0.000000 +0.000000 +0.000000 +0.000000 +0.000000 +0.000000 +0.000000 +0.000000 +0.000000 +0.000000 +0.000000 +0.000000 +0.000000 +0.000000 +0.000000 +0.000000 +0.000000 +0.000000 +0.000000 +0.000000 +0.000000 +0.000000 +0.000000 +0.000000
ft 15 +0.000000 +0.000000 +0.000000 +0.000000 +0.000000 +0.000000 +0.000000 +0.000000 +0.000000 +0.000000 +0.000000 +0.000000 +0.000000 +0.000000 +0.000000 +0.000000 +0.000000 +0.000000 +0.000000 +0.000000 +0.000000 +0.000000 +0.000000 +0.000000 +0.000000 +0.000000 +0.000000 +0.000000 +0.000000 +0.000000 +0.000000 +0.000000 +0.000000 +0.000000 +0.000000 +0.000000
ft 16 +0.000000 +0.000000 +0.000000 +0.000000 +0.000000 +0.000000 +0.000000 +0.000000 +0.000000 +0.000000 +0.000000 +0.000000 +0.000000 +0.000000 +0.000000 +0.000000 +0.000000 +0.000000 +0.000000 +0.000000 +0.000000 +0.000000 +0.000000 +0.000000 +0.000000 +0.000000 +0.000000 +0.000000 +0.000000 +0.000000 +0.000000 +0.000000 +0.000000 +0.000000 +0.000000 +0.000000
ft 17 +0.000000 +0.000000 +0.000000 +0.000000 +0.000000 +0.000000 +0.000000 +0.000000 +0.000000 +0.000000 +0.000000 +0.000000 +0.000000 +0.000000 +0.000000 +0.000000 +0.000000 +0.000000 +0.000000 +0.000000 +0.000000 +0.000000 +0.000000 +0.000000 +0.000000 +0.000000 +0.000000 +0.000000 +0.000000 +0.000000 +0.000000 +0.000000 +0.000000 +0.000000 +0.000000 +0.000000
ft 18 +0.000000 +0.000000 +0.000000 +0.000000 +0.000000 +0.000000 +0.000000 +0.000000 +0.000000 +0.000000 +0.000000 +0.000000 +0.000000 +0.000000 +0.000000 +0.000000 +0.000000 +0.000000 +0.000000 +0.000000 +0.000000 +0.000000 +0.000000 +0.000000 +0.000000 +0.000000 +0.000000 +0.000000 +0.000000 +0.000000 +0.000000 +0.000000 +0.000000 +0.000000 +0.000000 +0.000000
ft 19 +0.000000 +0.000000 +0.000000 +0.000000 +0.000000 +0.000000 +0.000000 +0.000000 +0.000000 +0.000000 +0.000000 +0.000000 +0.000000 +0.000000 +0.000000 +0.000000 +0.000000 +0.000000 +0.000000 +0.000000 +0.000000 +0.000000 +0.000000 +0.000000 +0.000000 +0.000000 +0.000000 +0.000000 +0.000000 +0.000000 +0.000000 +0.000000 +0.000000 +0.000000 +0.000000 +0.000000
ft 20 +0.000000 +0.000000 +0.000000 +0.000000 +0.000000 +0.000000 +0.000000 +0.000000 +0.000000 +0.000000 +0.000000 +0.000000 +0.000000 +0.000000 +0.000000 +0.000000 +0.000000 +0.000000 +0.000000 +0.000000 +0.000000 +0.000000 +0.000000 +0.000000 +0.000000 +0.000000 +0.000000 +0.000000 +0.000000 +0.000000 +0.000000 +0.000000 +0.000000 +0.000000 +0.000000 +0.000000
ft 21 +0.000000 +0.000000 +0.000000 +0.000000 +0.000000 +0.000000 +0.000000 +0.000000 +0.000000 +0.000000 +0.000000 +0.000000 +0.000000 +0.000000 +0.000000 +0.000000 +0.000000 +0.000000 +0.000000 +0.000000 +0.000000 +0.000000 +0.000000 +0.000000 +0.000000 +0.000000 +0.000000 +0.000000 +0.000000 +0.000000 +0.000000 +0.000000 +0.000000 +0.000000 +0.000000 +0.000000
ft 22 +0.000000 +0.000000 +0.000000 +0.000000 +0.000000 +0.000000 +0.000000 +0.000000 +0.000000 +0.000000 +0.000000 +0.000000 +0.000000 +0.000000 +0.000000 +0.000000 +0.000000 +0.000000 +0.000000 +0.000000 +0.000000 +0.000000 +0.000000 +0.000000 +0.000000 +0.000000 +0.000000 +0.000000 +0.000000 +0.000000 +0.000000 +0.000000 +0.000000 +0.000000 +0.000000 +0.000000
ft 23 +0.000000 +0.000000 +0.000000 +0.000000 +0.000000 +0.000000 +0.000000 +0.000000 +0.000000 +0.000000 +0.000000 +0.000000 +0.000000 +0.000000 +0.000000 +0.000000 +0.000000 +0.000000 +0.000000 +0.000000 +0.000000 +0.000000 +0.000000 +0.000000 +0.000000 +0.000000 +0.000000 +0.000000 +0.000000 +0.000000 +0.000000 +0.000000 +0.000000 +0.000000 +0.000000 +0.000000
ft 24 +0.000000 +0.000000 +0.000000 +0.000000 +0.000000 +0.000000 +0.000000 +0.000000 +0.000000 +0.000000 +0.000000 +0.000000 +0.000000 +0.000000 +0.000000 +0.000000 +0.000000 +0.000000 +0.000000 +0.000000 +0.000000 +0.000000 +0.000000 +0.000000 +0.000000 +0.000000 +0.000000 +0.000000 +0.000000 +0.000000 +0.000000 +0.000000 +0.000000 +0.000000 +0.000000 +0.000000
ft 25 +0.000000 +0.000000 +0.000000 +0.000000 +0.000000 +0.000000 +0.000000 +0.000000 +0.000000 +0.000000 +0.000000 +0.000000 +0.000000 +0.000000 +0.000000 +0.000000 +0.000000 +0.000000 +0.000000 +0.000000 +0.000000 +0.000000 +0.000000 +0.000000 +0.000000 +0.000000 +0.000000 +0.000000 +0.000000 +0.000000 +0.000000 +0.000000 +0.000000 +0.000000 +0.000000 +0.000000
ft 26 +0.000000 +0.000000 +0.000000 +0.000000 +0.000000 +0.000000 +0.000000 +0.000000 +0.000000 +0.000000 +0.000000 +0.000000 +0.000000 +0.000000 +0.000000 +0.000000 +0.000000 +0.000000 +0.000000 +0.000000 +0.000000 +0.000000 +0.000000 +0.000000 +0.000000 +0.000000 +0.000000 +0.000000 +0.000000 +0.000000 +0.000000 +0.000000 +0.000000 +0.000000 +0.000000 +0.000000
ft 27 +0.000000 +0.000000 +0.000000 +0.000000 +0.000000 +0.000000 +0.000000 +0.000000 +0.000000 +0.000000 +0.000000 +0.000000 +0.000000 +0.000000 +0.000000 +0.000000 +0.000000 +0.000000 +0.000000 +0.000000 +0.000000 +0.000000 +0.000000 +0.000000 +0.000000 +0.000000 +0.000000 +0.000000 +0.000000 +0.000000 +0.000000 +0.000000 +0.000000 +0.000000 +0.000000 +0.000000
ft 28 +0.000000 +0.000000 +0.000000 +0.000000 +0.000000 +0.000000 +0.000000 +0.000000 +0.000000 +0.000000 +0.000000 +0.000000 +0.000000 +0.000000 +0.000000 +0.000000 +0.000000 +0.000000 +0.000000 +0.000000 +0.000000 +0.000000 +0.000000 +0.000000 +0.000000 +0.000000 +0.000000 +0.000000 +0.000000 +0.000000 +0.000000 +0.000000 +0.000000 +0.000000 +0.000000 +0.000000
ft 29 +0.000000 +0.000000 +0.000000 +0.000000 +0.000000 +0.000000 +0.000000 +0.000000 +0.000000 +0.000000 +0.000000 +0.000000 +0.000000 +0.000000 +0.000000 +0.000000 +0.000000 +0.000000 +0.000000 +0.000000 +0.000000 +0.000000 +0.000000 +0.000000 +0.000000 +0.000000 +0.000000 +0.000000 +0.000000 +0.000000 +0.000000 +0.000000 +0.000000 +0.000000 +0.000000 +0.000000
ft 30 +0.000000 +0.000000 +0.000000 +0.000000 +0.000000 +0.000000 +0.000000 +0.000000 +0.000000 +0.000000 +0.000000 +0.000000 +0.000000 +0.000000 +0.000000 +0.000000 +0.000000 +0.000000 +0.000000 +0.000000 +0.000000 +0.000000 +0.000000 +0.000000 +0.000000 +0.000000 +0.000000 +0.000000 +0.000000 +0.000000 +0.000000 +0.000000 +0.000000 +0.000000 +0.000000 +0.000000
ft 31 +0.000000 +0.000000 +0.000000 +0.000000 +0.000000 +0.000000 +0.000000 +0.000000 +0.000000 +0.000000 +0.000000 +0.000000 +0.000000 +0.000000 +0.000000 +0.000000 +0.000000 +0.000000 +0.000000 +0.000000 +0.000000 +0.000000 +0.000000 +0.000000 +0.000000 +0.000000 +0.000000 +0.000000 +0.000000 +0.000000 +0.000000 +0.000000 +0.000000 +0.000000 +0.000000 +0.000000
ft 32 +0.000000 +0.000000 +0.000000 +0.000000 +0.000000 +0.000000 +0.000000 +0.000000 +0.000000 +0.000000 +0.000000 +0.000000 +0.000000 +0.000000 +0.000000 +0.000000 +0.000000 +0.000000 +0.000000 +0.000000 +0.000000 +0.000000 +0.000000 +0.000000 +0.000000 +0.000000 +0.000000 +0.000000 +0.000000 +0.000000 +0.000000 +0.000000 +0.000000 +0.000000 +0.000000 +0.000000
ft 33 +0.000000 +0.000000 +0.000000 +0.000000 +0.000000 +0.000000 +0.000000 +0.000000 +0.000000 +0.000000 +0.000000 +0.000000 +0.000000 +0.000000 +0.000000 +0.000000 +0.000000 +0.000000 +0.000000 +0.000000 +0.000000 +0.000000 +0.000000 +0.000000 +0.000000 +0.000000 +0.000000 +0.000000 +0.000000 +0.000000 +0.000000 +0.000000 +0.000000 +0.000000 +0.000000 +0.000000
ft 34 +0.000000 +0.000000 +0.000000 +0.000000 +0.000000 +0.000000 +0.000000 +0.000000 +0.000000 +0.000000 +0.000000 +0.000000 +0.000000 +0.000000 +0.000000 +0.000000 +0.000000 +0.000000 +0.000000 +0.000000 +0.000000 +0.000000 +0.000000 +0.000000 +0.000000 +0.000000 +0.000000 +0.000000 +0.000000 +0.000000 +0.000000 +0.000000 +0.000000 +0.000000 +0.000000 +0.000000
ft 35 +0.000000 +0.000000 +0.000000 +0.000000 +0.000000 +0.000000 +0.000000 +0.000000 +0.000000 +0.000000 +0.000000 +0.000000 +0.000000 +0.000000 +0.000000 +0.000000 +0.000000 +0.000000 +0.000000 +0.000000 +0.000000 +0.000000 +0.000000 +0.000000 +0.000000 +0.000000 +0.000000 +0.000000 +0.000000 +0.000000 +0.000000 +0.000000 +0.000000 +0.000000 +0.000000 +0.000000
ft 36 +0.817439 +0.844723 -0.943364 -0.339523 +0.868225 +0.000000 -0.088159 +0.608859 -0.749701 +0.415253 +0.785916 +0.174958 +0.785916 +0.817439 +0.485633 +0.485633 -0.415253 -0.259120 +0.661511 -0.905617 +0.550235 -0.550235 -0.868225 +0.976204 -0.088159 +0.952322 +0.868225 +0.785916 -0.415253 -0.485633 -0.339523 +0.966282 +0.000000 +0.000000 +0.000000 +0.000000
ft 37 +0.000000 +0.000000 +0.000000 +0.000000 +0.000000 +0.000000 +0.000000 +0.000000 +0.000000 +0.000000 +0.000000 +0.000000 +0.000000 +0.000000 +0.000000 +0.000000 +0.000000 +0.000000 +0.000000 +0.000000 +0.000000 +0.000000 +0.000000 +0.000000 +0.000000 +0.000000 +0.000000 +0.000000 +0.000000 +0.000000 +0.000000 +0.000000 +0.000000 +0.000000 +0.000000 +0.000000
sedge 

[body 43] 18
| local @s : St2
| %.t20 = @x + 3
| %.t21 = %.t20 & 255
| %.t22 = (uint8)%.t21
| %.t23 <- &@s
| *%.t23 <- %.t22 [1]
| %.t25 = @x + 9
| %.t26 = %.t25 & 65535
| %.t27 = (float64)%.t26
| %.t28 <- &@s
| %.t29 = %.t28 + 8
| *%.t29 <- %.t27 [8]
| %.t30 = @x << 1
| %.t31 = %.t30 & 1099511627775
| %.t32 <- &@s
| %.t33 = %.t32 + 16
| *%.t33 <- %.t31 [8]
| return @s
leaves %.t22 %.t23 %.t27 %.t28 %.t32 @x
fp 0 none
fp 1 0000000000000003 0000000000000004 0000000000000005 0000000000000005 0000000000000004 883dc5cd60b85cc6 3bacb27c722af6ef e55e02945f3ef74b
fp 2 0000000000000003 0000000000000004 0000000000000005 0000000000000005 0000000000000004 00000000000000c6 00000000000000ef 000000000000004b
fp 3 none
fp 4 none
fp 5 none
fp 6 0000000000000009 000000000000000a 000000000000000b 000000000000000b 000000000000000a 883dc5cd60b85ccc 3bacb27c722af6f5 e55e02945f3ef751
fp 7 0000000000000009 000000000000000a 000000000000000b 000000000000000b 000000000000000a 0000000000005ccc 000000000000f6f5 000000000000f751
fp 8 none
fp 9 none
fp 10 0000000000000008 0000000000000009 0000000000000008 000000000000000b 0000000000000008 15109b855f409ccb bba72c2ec28fce5e dabda2215f0217fe
fp 11 none
fp 12 0000000000000000 0000000000000002 0000000000000004 0000000000000004 0000000000000002 107b8b9ac170b986 775964f8e455edd8 cabc0528be7dee90
fp 13 0000000000000000 0000000000000002 0000000000000004 0000000000000004 0000000000000002 0000009ac170b986 000000f8e455edd8 00000028be7dee90
fp 14 none
fp 15 0000000000000010 0000000000000011 0000000000000012 0000000000000013 0000000000000011 da014ba17665fd85 61c9d2a8ee5fa681 1e49cb6eb2ee9ea8
fp 16 none
fp 17 none
ft 0 +0.000000 +0.000000 +0.000000 +0.000000 +0.000000 +0.000000 +0.000000 +0.000000 +0.000000 +0.000000 +0.000000 +0.000000 +0.000000 +0.000000 +0.000000 +0.000000 +0.000000 +0.000000 +0.000000 +0.000000 +0.000000 +0.000000 +0.000000 +0.000000 +0.000000 +0.000000 +0.000000 +0.000000 +0.000000 +0.000000 +0.000000 +0.000000 +0.000000 +0.000000 +0.000000 +0.000000
ft 1 -0.550235 +0.174958 -0.174958 -0.844723 +0.952322 +0.000000 +0.817439 -0.339523 -0.415253 +0.868225 +0.785916 -0.339523 -0.174958 +0.905617 -0.844723 +0.339523 +0.415253 +0.661511 -0.088159 +0.088159 +0.550235 -0.415253 -0.550235 +0.749701 +0.259120 +0.817439 +0.661511 +0.608859 -0.817439 +0.000000 +0.485633 +0.905617 +0.000000 +0.000000 +0.000000 +0.000000
ft 2 -0.174958 +0.415253 -0.817439 -0.966282 +0.174958 +0.749701 +0.608859 +0.088159 -0.708360 +0.920301 +0.817439 +0.259120 +0.749701 +0.959893 -0.088159 +0.415253 +0.485633 +0.485633 +0.339523 -0.888386 +0.920301 +0.000000 -0.339523 +0.980021 +0.000000 +0.608859 +0.888386 +0.817439 -0.174958 -0.415253 +0.259120 +0.959893 +0.000000 +0.000000 +0.000000 +0.000000
ft 3 +0.000000 +0.000000 +0.000000 +0.000000 +0.000000 +0.000000 +0.000000 +0.000000 +0.000000 +0.000000 +0.000000 +0.000000 +0.000000 +0.000000 +0.000000 +0.000000 +0.000000 +0.000000 +0.000000 +0.000000 +0.000000 +0.000000 +0.000000 +0.000000 +0.000000 +0.000000 +0.000000 +0.000000 +0.000000 +0.000000 +0.000000 +0.000000 +0.000000 +0.000000 +0.000000 +0.000000
ft 4 +0.000000 +0.000000 +0.000000 +0.000000 +0.000000 +0.000000 +0.000000 +0.000000 +0.000000 +0.000000 +0.000000 +0.000000 +0.000000 +0.000000 +0.000000 +0.000000 +0.000000 +0.000000 +0.000000 +0.000000 +0.000000 +0.000000 +0.000000 +0.000000 +0.000000 +0.000000 +0.000000 +0.000000 +0.000000 +0.000000 +0.000000 +0.000000 +0.000000 +0.000000 +0.000000 +0.000000
ft 5 +0.000000 +0.000000 +0.000000 +0.000000 +0.000000 +0.000000 +0.000000 +0.000000 +0.000000 +0.000000 +0.000000 +0.000000 +0.000000 +0.000000 +0.000000 +0.000000 +0.000000 +0.000000 +0.000000 +0.000000 +0.000000 +0.000000 +0.000000 +0.000000 +0.000000 +0.000000 +0.000000 +0.000000 +0.000000 +0.000000 +0.000000 +0.000000 +0.000000 +0.000000 +0.000000 +0.000000
ft 6 -0.259120 -0.339523 -0.174958 +0.000000 +0.976204 +0.174958 +0.905617 -0.339523 -0.550235 +0.749701 +0.888386 -0.785916 -0.485633 +0.952322 -0.844723 +0.339523 +0.259120 +0.817439 +0.415253 -0.415253 +0.550235 +0.088159 +0.088159 +0.868225 +0.088159 +0.661511 +0.550235 +0.708360 -0.749701 -0.174958 +0.339523 +0.966282 +0.000000 +0.000000 +0.000000 +0.000000
ft 7 +0.550235 -0.339523 -0.708360 -0.485633 +0.817439 +0.485633 +0.749701 +0.000000 -0.749701 +0.817439 +0.920301 -0.485633 +0.174958 +0.988196 +0.174958 +0.174958 -0.088159 +0.749701 +0.088159 -0.905617 +0.905617 -0.088159 +0.550235 +0.988196 +0.259120 +0.415253 +0.661511 +0.708360 +0.088159 -0.339523 +0.339523 +0.966282 +0.000000 +0.000000 +0.000000 +0.000000
ft 8 +0.000000 +0.000000 +0.000000 +0.000000 +0.000000 +0.000000 +0.000000 +0.000000 +0.000000 +0.000000 +0.000000 +0.000000 +0.000000 +0.000000 +0.000000 +0.000000 +0.000000 +0.000000 +0.000000 +0.000000 +0.000000 +0.000000 +0.000000 +0.000000 +0.000000 +0.000000 +0.000000 +0.000000 +0.000000 +0.000000 +0.000000 +0.000000 +0.000000 +0.000000 +0.000000 +0.000000
ft 9 +0.000000 +0.000000 +0.000000 +0.000000 +0.000000 +0.000000 +0.000000 +0.000000 +0.000000 +0.000000 +0.000000 +0.000000 +0.000000 +0.000000 +0.000000 +0.000000 +0.000000 +0.000000 +0.000000 +0.000000 +0.000000 +0.000000 +0.000000 +0.000000 +0.000000 +0.000000 +0.000000 +0.000000 +0.000000 +0.000000 +0.000000 +0.000000 +0.000000 +0.000000 +0.000000 +0.000000
ft 10 -0.088159 -0.888386 -0.993037 +0.000000 +0.932781 -0.608859 +0.259120 -0.485633 -0.661511 +0.868225 +0.888386 +0.174958 -0.485633 +0.550235 -0.708360 +0.888386 -0.088159 +0.415253 -0.415253 -0.415253 +0.868225 +0.550235 -0.088159 +0.983231 +0.088159 +0.749701 +0.932781 +0.485633 -0.749701 +0.485633 -0.844723 +0.817439 +0.000000 +0.000000 +0.000000 +0.000000
ft 11 +0.000000 +0.000000 +0.000000 +0.000000 +0.000000 +0.000000 +0.000000 +0.000000 +0.000000 +0.000000 +0.000000 +0.000000 +0.000000 +0.000000 +0.000000 +0.000000 +0.000000 +0.000000 +0.000000 +0.000000 +0.000000 +0.000000 +0.000000 +0.000000 +0.000000 +0.000000 +0.000000 +0.000000 +0.000000 +0.000000 +0.000000 +0.000000 +0.000000 +0.000000 +0.000000 +0.000000
ft 12 +0.868225 -0.708360 -0.943364 -0.608859 +0.868225 -0.485633 +0.749701 +0.339523 -0.259120 +0.932781 +0.844723 -0.339523 +0.785916 +0.817439 +0.174958 -0.174958 -0.550235 +0.749701 -0.088159 -0.088159 +0.550235 +0.088159 +0.259120 +0.749701 +0.415253 +0.868225 +0.415253 +0.000000 -0.088159 +0.844723 -0.174958 +0.952322 +0.000000 +0.000000 +0.000000 +0.000000
ft 13 +0.888386 -0.415253 -0.817439 -0.749701 +0.708360 -0.259120 +0.708360 +0.088159 -0.608859 +0.785916 +0.550235 -0.550235 +0.932781 +0.844723 -0.088159 +0.088159 -0.339523 +0.708360 +0.174958 -0.608859 +0.708360 -0.339523 +0.485633 +0.608859 +0.485633 +0.708360 +0.785916 +0.661511 +0.000000 +0.259120 -0.259120 +0.990099 +0.000000 +0.000000 +0.000000 +0.000000
ft 14 +0.000000 +0.000000 +0.000000 +0.000000 +0.000000 +0.000000 +0.000000 +0.000000 +0.000000 +0.000000 +0.000000 +0.000000 +0.000000 +0.000000 +0.000000 +0.000000 +0.000000 +0.000000 +0.000000 +0.000000 +0.000000 +0.000000 +0.000000 +0.000000 +0.000000 +0.000000 +0.000000 +0.000000 +0.000000 +0.000000 +0.000000 +0.000000 +0.000000 +0.000000 +0.000000 +0.000000
ft 15 +0.174958 -0.749701 -0.749701 -0.088159 +0.339523 -0.817439 +0.708360 -0.550235 -0.485633 +0.708360 +0.749701 -0.259120 +0.259120 -0.174958 -0.868225 -0.259120 -0.485633 +0.608859 -0.708360 +0.000000 +0.174958 +0.000000 +0.174958 +0.485633 +0.339523 +0.708360 +0.485633 +0.088159 -0.485633 -0.905617 +0.550235 +0.995106 +0.000000 +0.000000 +0.000000 +0.000000
ft 16 +0.000000 +0.000000 +0.000000 +0.000000 +0.000000 +0.000000 +0.000000 +0.000000 +0.000000 +0.000000 +0.000000 +0.000000 +0.000000 +0.000000 +0.000000 +0.000000 +0.000000 +0.000000 +0.000000 +0.000000 +0.000000 +0.000000 +0.000000 +0.000000 +0.000000 +0.000000 +0.000000 +0.000000 +0.000000 +0.000000 +0.000000 +0.000000 +0.000000 +0.000000 +0.000000 +0.000000
ft 17 +0.000000 +0.000000 +0.000000 +0.000000 +0.000000 +0.000000 +0.000000 +0.000000 +0.000000 +0.000000 +0.000000 +0.000000 +0.000000 +0.000000 +0.000000 +0.000000 +0.000000 +0.000000 +0.000000 +0.000000 +0.000000 +0.000000 +0.000000 +0.000000 +0.000000 +0.000000 +0.000000 +0.000000 +0.000000 +0.000000 +0.000000 +0.000000 +0.000000 +0.000000 +0.000000 +0.000000
sedge 

[body 44] 8
| local @r : float64
| %.t62 = (float64)@x (float)
| %.t63 = %.t62 * (float) 1.000000
| %.t64 = (float64)@y (float)
| %.t65 = %.t64 * (float) 4.000000
| @r = %.t63 + (float) %.t65
| %.t67 = @r + (float) 8.000000
| return %.t67
leaves %.t62 %.t63 %.t64 %.t65 %.t67 @r
fp 0 none
fp 1 none
fp 2 none
fp 3 none
fp 4 none
fp 5 none
fp 6 none
fp 7 none
ft 0 +0.000000 +0.000000 +0.000000 +0.000000 +0.000000 +0.000000 +0.000000 +0.000000 +0.000000 +0.000000 +0.000000 +0.000000 +0.000000 +0.000000 +0.000000 +0.000000 +0.000000 +0.000000 +0.000000 +0.000000 +0.000000 +0.000000 +0.000000 +0.000000 +0.000000 +0.000000 +0.000000 +0.000000 +0.000000 +0.000000 +0.000000 +0.000000 +0.000000 +0.000000 +0.000000 +0.000000
ft 1 +0.000000 +0.000000 +0.000000 +0.000000 +0.000000 +0.000000 +0.000000 +0.000000 +0.000000 +0.000000 +0.000000 +0.000000 +0.000000 +0.000000 +0.000000 +0.000000 +0.000000 +0.000000 +0.000000 +0.000000 +0.000000 +0.000000 +0.000000 +0.000000 +0.000000 +0.000000 +0.000000 +0.000000 +0.000000 +0.000000 +0.000000 +0.000000 +0.000000 +0.000000 +0.000000 +0.000000
ft 2 +0.000000 +0.000000 +0.000000 +0.000000 +0.000000 +0.000000 +0.000000 +0.000000 +0.000000 +0.000000 +0.000000 +0.000000 +0.000000 +0.000000 +0.000000 +0.000000 +0.000000 +0.000000 +0.000000 +0.000000 +0.000000 +0.000000 +0.000000 +0.000000 +0.000000 +0.000000 +0.000000 +0.000000 +0.000000 +0.000000 +0.000000 +0.000000 +0.000000 +0.000000 +0.000000 +0.000000
ft 3 +0.000000 +0.000000 +0.000000 +0.000000 +0.000000 +0.000000 +0.000000 +0.000000 +0.000000 +0.000000 +0.000000 +0.000000 +0.000000 +0.000000 +0.000000 +0.000000 +0.000000 +0.000000 +0.000000 +0.000000 +0.000000 +0.000000 +0.000000 +0.000000 +0.000000 +0.000000 +0.000000 +0.000000 +0.000000 +0.000000 +0.000000 +0.000000 +0.000000 +0.000000 +0.000000 +0.000000
ft 4 +0.000000 +0.000000 +0.000000 +0.000000 +0.000000 +0.000000 +0.000000 +0.000000 +0.000000 +0.000000 +0.000000 +0.000000 +0.000000 +0.000000 +0.000000 +0.000000 +0.000000 +0.000000 +0.000000 +0.000000 +0.000000 +0.000000 +0.000000 +0.000000 +0.000000 +0.000000 +0.000000 +0.000000 +0.000000 +0.000000 +0.000000 +0.000000 +0.000000 +0.000000 +0.000000 +0.000000
ft 5 +0.000000 +0.000000 +0.000000 +0.000000 +0.000000 +0.000000 +0.000000 +0.000000 +0.000000 +0.000000 +0.000000 +0.000000 +0.000000 +0.000000 +0.000000 +0.000000 +0.000000 +0.000000 +0.000000 +0.000000 +0.000000 +0.000000 +0.000000 +0.000000 +0.000000 +0.000000 +0.000000 +0.000000 +0.000000 +0.000000 +0.000000 +0.000000 +0.000000 +0.000000 +0.000000 +0.000000
ft 6 +0.000000 +0.000000 +0.000000 +0.000000 +0.000000 +0.000000 +0.000000 +0.000000 +0.000000 +0.000000 +0.000000 +0.000000 +0.000000 +0.000000 +0.000000 +0.000000 +0.000000 +0.000000 +0.000000 +0.000000 +0.000000 +0.000000 +0.000000 +0.000000 +0.000000 +0.000000 +0.000000 +0.000000 +0.000000 +0.000000 +0.000000 +0.000000 +0.000000 +0.000000 +0.000000 +0.000000
ft 7 +0.000000 +0.000000 +0.000000 +0.000000 +0.000000 +0.000000 +0.000000 +0.000000 +0.000000 +0.000000 +0.000000 +0.000000 +0.000000 +0.000000 +0.000000 +0.000000 +0.000000 +0.000000 +0.000000 +0.000000 +0.000000 +0.000000 +0.000000 +0.000000 +0.000000 +0.000000 +0.000000 +0.000000 +0.000000 +0.000000 +0.000000 +0.000000 +0.000000 +0.000000 +0.000000 +0.000000
sedge 

[body 45] 46
| local @r : int64
| @r = @p0 & 1099511627775
| local @k : int64
| @k <- 1
| %.t36 = @r + 1
| %.t37 = %.t36 & 1099511627775
| @r <- %.t37
| @k <- 2
| %.t36 = @r + 4
| %.t37 = %.t36 & 1099511627775
| @r <- %.t37
| @k <- 3
| %.t36 = @r + 9
| %.t37 = %.t36 & 1099511627775
| @r <- %.t37
| @k <- 4
| %.t36 = @r + 16
| %.t37 = %.t36 & 1099511627775
| @r <- %.t37
| @k <- 5
| %.t36 = @r + 25
| %.t37 = %.t36 & 1099511627775
| @r <- %.t37
| @k <- 6
| %.t36 = @r + 36
| %.t37 = %.t36 & 1099511627775
| @r <- %.t37
| @k <- 7
| %.t36 = @r + 49
| %.t37 = %.t36 & 1099511627775
| @r <- %.t37
| @k <- 8
| %.t36 = @r + 64
| %.t37 = %.t36 & 1099511627775
| @r <- %.t37
| @k <- 9
| %.t36 = @r + 81
| %.t37 = %.t36 & 1099511627775
| @r <- %.t37
| @k <- 10
| %.t36 = @r + 100
| %.t37 = %.t36 & 1099511627775
| @r <- %.t37
| @k <- 11
| %.t39 = @r & 1099511627775
| return %.t39
leaves %.t36 %.t37 @k @r
fp 0 none
fp 1 none
fp 2 none
fp 3 none
fp 4 none
fp 5 none
fp 6 none
fp 7 none
fp 8 none
fp 9 none
fp 10 none
fp 11 none
fp 12 none
fp 13 none
fp 14 none
fp 15 none
fp 16 none
fp 17 none
fp 18 none
fp 19 none
fp 20 none
fp 21 none
fp 22 none
fp 23 none
fp 24 none
fp 25 none
fp 26 none
fp 27 none
fp 28 none
fp 29 none
fp 30 none
fp 31 none
fp 32 none
fp 33 none
fp 34 none
fp 35 none
fp 36 none
fp 37 none
fp 38 none
fp 39 none
fp 40 none
fp 41 none
fp 42 none
fp 43 none
fp 44 0000000000000000 0000000000000001 0000000000000000 0000000000000003 0000000000000002 00000047fdc0d712 000000e2e90c6f4a 000000f659c86330
fp 45 none
ft 0 +0.000000 +0.000000 +0.000000 +0.000000 +0.000000 +0.000000 +0.000000 +0.000000 +0.000000 +0.000000 +0.000000 +0.000000 +0.000000 +0.000000 +0.000000 +0.000000 +0.000000 +0.000000 +0.000000 +0.000000 +0.000000 +0.000000 +0.000000 +0.000000 +0.000000 +0.000000 +0.000000 +0.000000 +0.000000 +0.000000 +0.000000 +0.000000 +0.000000 +0.000000 +0.000000 +0.000000
ft 1 +0.000000 +0.000000 +0.000000 +0.000000 +0.000000 +0.000000 +0.000000 +0.000000 +0.000000 +0.000000 +0.000000 +0.000000 +0.000000 +0.000000 +0.000000 +0.000000 +0.000000 +0.000000 +0.000000 +0.000000 +0.000000 +0.000000 +0.000000 +0.000000 +0.000000 +0.000000 +0.000000 +0.000000 +0.000000 +0.000000 +0.000000 +0.000000 +0.000000 +0.000000 +0.000000 +0.000000
ft 2 +0.000000 +0.000000 +0.000000 +0.000000 +0.000000 +0.000000 +0.000000 +0.000000 +0.000000 +0.000000 +0.000000 +0.000000 +0.000000 +0.000000 +0.000000 +0.000000 +0.000000 +0.000000 +0.000000 +0.000000 +0.000000 +0.000000 +0.000000 +0.000000 +0.000000 +0.000000 +0.000000 +0.000000 +0.000000 +0.000000 +0.000000 +0.000000 +0.000000 +0.000000 +0.000000 +0.000000
ft 3 +0.000000 +0.000000 +0.000000 +0.000000 +0.000000 +0.000000 +0.000000 +0.000000 +0.000000 +0.000000 +0.000000 +0.000000 +0.000000 +0.000000 +0.000000 +0.000000 +0.000000 +0.000000 +0.000000 +0.000000 +0.000000 +0.000000 +0.000000 +0.000000 +0.000000 +0.000000 +0.000000 +0.000000 +0.000000 +0.000000 +0.000000 +0.000000 +0.000000 +0.000000 +0.000000 +0.000000
ft 4 +0.000000 +0.000000 +0.000000 +0.000000 +0.000000 +0.000000 +0.000000 +0.000000 +0.000000 +0.000000 +0.000000 +0.000000 +0.000000 +0.000000 +0.000000 +0.000000 +0.000000 +0.000000 +0.000000 +0.000000 +0.000000 +0.000000 +0.000000 +0.000000 +0.000000 +0.000000 +0.000000 +0.000000 +0.000000 +0.000000 +0.000000 +0.000000 +0.000000 +0.000000 +0.000000 +0.000000
ft 5 +0.000000 +0.000000 +0.000000 +0.000000 +0.000000 +0.000000 +0.000000 +0.000000 +0.000000 +0.000000 +0.000000 +0.000000 +0.000000 +0.000000 +0.000000 +0.000000 +0.000000 +0.000000 +0.000000 +0.000000 +0.000000 +0.000000 +0.000000 +0.000000 +0.000000 +0.000000 +0.000000 +0.000000 +0.000000 +0.000000 +0.000000 +0.000000 +0.000000 +0.000000 +0.000000 +0.000000
ft 6 +0.000000 +0.000000 +0.000000 +0.000000 +0.000000 +0.000000 +0.000000 +0.000000 +0.000000 +0.000000 +0.000000 +0.000000 +0.000000 +0.000000 +0.000000 +0.000000 +0.000000 +0.000000 +0.000000 +0.000000 +0.000000 +0.000000 +0.000000 +0.000000 +0.000000 +0.000000 +0.000000 +0.000000 +0.000000 +0.000000 +0.000000 +0.000000 +0.000000 +0.000000 +0.000000 +0.000000
ft 7 +0.000000 +0.000000 +0.000000 +0.000000 +0.000000 +0.000000 +0.000000 +0.000000 +0.000000 +0.000000 +0.000000 +0.000000 +0.000000 +0.000000 +0.000000 +0.000000 +0.000000 +0.000000 +0.000000 +0.000000 +0.000000 +0.000000 +0.000000 +0.000000 +0.000000 +0.000000 +0.000000 +0.000000 +0.000000 +0.000000 +0.000000 +0.000000 +0.000000 +0.000000 +0.000000 +0.000000
ft 8 +0.000000 +0.000000 +0.000000 +0.000000 +0.000000 +0.000000 +0.000000 +0.000000 +0.000000 +0.000000 +0.000000 +0.000000 +0.000000 +0.000000 +0.000000 +0.000000 +0.000000 +0.000000 +0.000000 +0.000000 +0.000000 +0.000000 +0.000000 +0.000000 +0.000000 +0.000000 +0.000000 +0.000000 +0.000000 +0.000000 +0.000000 +0.000000 +0.000000 +0.000000 +0.000000 +0.000000
ft 9 +0.000000 +0.000000 +0.000000 +0.000000 +0.000000 +0.000000 +0.000000 +0.000000 +0.000000 +0.000000 +0.000000 +0.000000 +0.000000 +0.000000 +0.000000 +0.000000 +0.000000 +0.000000 +0.000000 +0.000000 +0.000000 +0.000000 +0.000000 +0.000000 +0.000000 +0.000000 +0.000000 +0.000000 +0.000000 +0.000000 +0.000000 +0.000000 +0.000000 +0.000000 +0.000000 +0.000000
ft 10 +0.000000 +0.000000 +0.000000 +0.000000 +0.000000 +0.000000 +0.000000 +0.000000 +0.000000 +0.000000 +0.000000 +0.000000 +0.000000 +0.000000 +0.000000 +0.000000 +0.000000 +0.000000 +0.000000 +0.000000 +0.000000 +0.000000 +0.000000 +0.000000 +0.000000 +0.000000 +0.000000 +0.000000 +0.000000 +0.000000 +0.000000 +0.000000 +0.000000 +0.000000 +0.000000 +0.000000
ft 11 +0.000000 +0.000000 +0.000000 +0.000000 +0.000000 +0.000000 +0.000000 +0.000000 +0.000000 +0.000000 +0.000000 +0.000000 +0.000000 +0.000000 +0.000000 +0.000000 +0.000000 +0.000000 +0.000000 +0.000000 +0.000000 +0.000000 +0.000000 +0.000000 +0.000000 +0.000000 +0.000000 +0.000000 +0.000000 +0.000000 +0.000000 +0.000000 +0.000000 +0.000000 +0.000000 +0.000000
ft 12 +0.000000 +0.000000 +0.000000 +0.000000 +0.000000 +0.000000 +0.000000 +0.000000 +0.000000 +0.000000 +0.000000 +0.000000 +0.000000 +0.000000 +0.000000 +0.000000 +0.000000 +0.000000 +0.000000 +0.000000 +0.000000 +0.000000 +0.000000 +0.000000 +0.000000 +0.000000 +0.000000 +0.000000 +0.000000 +0.000000 +0.000000 +0.000000 +0.000000 +0.000000 +0.000000 +0.000000
ft 13 +0.000000 +0.000000 +0.000000 +0.000000 +0.000000 +0.000000 +0.000000 +0.000000 +0.000000 +0.000000 +0.000000 +0.000000 +0.000000 +0.000000 +0.000000 +0.000000 +0.000000 +0.000000 +0.000000 +0.000000 +0.000000 +0.000000 +0.000000 +0.000000 +0.000000 +0.000000 +0.000000 +0.000000 +0.000000 +0.000000 +0.000000 +0.000000 +0.000000 +0.000000 +0.000000 +0.000000
ft 14 +0.000000 +0.000000 +0.000000 +0.000000 +0.000000 +0.000000 +0.000000 +0.000000 +0.000000 +0.000000 +0.000000 +0.000000 +0.000000 +0.000000 +0.000000 +0.000000 +0.000000 +0.000000 +0.000000 +0.000000 +0.000000 +0.000000 +0.000000 +0.000000 +0.000000 +0.000000 +0.000000 +0.000000 +0.000000 +0.000000 +0.000000 +0.000000 +0.000000 +0.000000 +0.000000 +0.000000
ft 15 +0.000000 +0.000000 +0.000000 +0.000000 +0.000000 +0.000000 +0.000000 +0.000000 +0.000000 +0.000000 +0.000000 +0.000000 +0.000000 +0.000000 +0.000000 +0.000000 +0.000000 +0.000000 +0.000000 +0.000000 +0.000000 +0.000000 +0.000000 +0.000000 +0.000000 +0.000000 +0.000000 +0.000000 +0.000000 +0.000000 +0.000000 +0.000000 +0.000000 +0.000000 +0.000000 +0.000000
ft 16 +0.000000 +0.000000 +0.000000 +0.000000 +0.000000 +0.000000 +0.000000 +0.000000 +0.000000 +0.000000 +0.000000 +0.000000 +0.000000 +0.000000 +0.000000 +0.000000 +0.000000 +0.000000 +0.000000 +0.000000 +0.000000 +0.000000 +0.000000 +0.000000 +0.000000 +0.000000 +0.000000 +0.000000 +0.000000 +0.000000 +0.000000 +0.000000 +0.000000 +0.000000 +0.000000 +0.000000
ft 17 +0.000000 +0.000000 +0.000000 +0.000000 +0.000000 +0.000000 +0.000000 +0.000000 +0.000000 +0.000000 +0.000000 +0.000000 +0.000000 +0.000000 +0.000000 +0.000000 +0.000000 +0.000000 +0.000000 +0.000000 +0.000000 +0.000000 +0.000000 +0.000000 +0.000000 +0.000000 +0.000000 +0.000000 +0.000000 +0.000000 +0.000000 +0.000000 +0.000000 +0.000000 +0.000000 +0.000000
ft 18 +0.000000 +0.000000 +0.000000 +0.000000 +0.000000 +0.000000 +0.000000 +0.000000 +0.000000 +0.000000 +0.000000 +0.000000 +0.000000 +0.000000 +0.000000 +0.000000 +0.000000 +0.000000 +0.000000 +0.000000 +0.000000 +0.000000 +0.000000 +0.000000 +0.000000 +0.000000 +0.000000 +0.000000 +0.000000 +0.000000 +0.000000 +0.000000 +0.000000 +0.000000 +0.000000 +0.000000
ft 19 +0.000000 +0.000000 +0.000000 +0.000000 +0.000000 +0.000000 +0.000000 +0.000000 +0.000000 +0.000000 +0.000000 +0.000000 +0.000000 +0.000000 +0.000000 +0.000000 +0.000000 +0.000000 +0.000000 +0.000000 +0.000000 +0.000000 +0.000000 +0.000000 +0.000000 +0.000000 +0.000000 +0.000000 +0.000000 +0.000000 +0.000000 +0.000000 +0.000000 +0.000000 +0.000000 +0.000000
ft 20 +0.000000 +0.000000 +0.000000 +0.000000 +0.000000 +0.000000 +0.000000 +0.000000 +0.000000 +0.000000 +0.000000 +0.000000 +0.000000 +0.000000 +0.000000 +0.000000 +0.000000 +0.000000 +0.000000 +0.000000 +0.000000 +0.000000 +0.000000 +0.000000 +0.000000 +0.000000 +0.000000 +0.000000 +0.000000 +0.000000 +0.000000 +0.000000 +0.000000 +0.000000 +0.000000 +0.000000
ft 21 +0.000000 +0.000000 +0.000000 +0.000000 +0.000000 +0.000000 +0.000000 +0.000000 +0.000000 +0.000000 +0.000000 +0.000000 +0.000000 +0.000000 +0.000000 +0.000000 +0.000000 +0.000000 +0.000000 +0.000000 +0.000000 +0.000000 +0.000000 +0.000000 +0.000000 +0.000000 +0.000000 +0.000000 +0.000000 +0.000000 +0.000000 +0.000000 +0.000000 +0.000000 +0.000000 +0.000000
ft 22 +0.000000 +0.000000 +0.000000 +0.000000 +0.000000 +0.000000 +0.000000 +0.000000 +0.000000 +0.000000 +0.000000 +0.000000 +0.000000 +0.000000 +0.000000 +0.000000 +0.000000 +0.000000 +0.000000 +0.000000 +0.000000 +0.000000 +0.000000 +0.000000 +0.000000 +0.000000 +0.000000 +0.000000 +0.000000 +0.000000 +0.000000 +0.000000 +0.000000 +0.000000 +0.000000 +0.000000
ft 23 +0.000000 +0.000000 +0.000000 +0.000000 +0.000000 +0.000000 +0.000000 +0.000000 +0.000000 +0.000000 +0.000000 +0.000000 +0.000000 +0.000000 +0.000000 +0.000000 +0.000000 +0.000000 +0.000000 +0.000000 +0.000000 +0.000000 +0.000000 +0.000000 +0.000000 +0.000000 +0.000000 +0.000000 +0.000000 +0.000000 +0.000000 +0.000000 +0.000000 +0.000000 +0.000000 +0.000000
ft 24 +0.000000 +0.000000 +0.000000 +0.000000 +0.000000 +0.000000 +0.000000 +0.000000 +0.000000 +0.000000 +0.000000 +0.000000 +0.000000 +0.000000 +0.000000 +0.000000 +0.000000 +0.000000 +0.000000 +0.000000 +0.000000 +0.000000 +0.000000 +0.000000 +0.000000 +0.000000 +0.000000 +0.000000 +0.000000 +0.000000 +0.000000 +0.000000 +0.000000 +0.000000 +0.000000 +0.000000
ft 25 +0.000000 +0.000000 +0.000000 +0.000000 +0.000000 +0.000000 +0.000000 +0.000000 +0.000000 +0.000000 +0.000000 +0.000000 +0.000000 +0.000000 +0.000000 +0.000000 +0.000000 +0.000000 +0.000000 +0.000000 +0.000000 +0.000000 +0.000000 +0.000000 +0.000000 +0.000000 +0.000000 +0.000000 +0.000000 +0.000000 +0.000000 +0.000000 +0.000000 +0.000000 +0.000000 +0.000000
ft 26 +0.000000 +0.000000 +0.000000 +0.000000 +0.000000 +0.000000 +0.000000 +0.000000 +0.000000 +0.000000 +0.000000 +0.000000 +0.000000 +0.000000 +0.000000 +0.000000 +0.000000 +0.000000 +0.000000 +0.000000 +0.000000 +0.000000 +0.000000 +0.000000 +0.000000 +0.000000 +0.000000 +0.000000 +0.000000 +0.000000 +0.000000 +0.000000 +0.000000 +0.000000 +0.000000 +0.000000
ft 27 +0.000000 +0.000000 +0.000000 +0.000000 +0.000000 +0.000000 +0.000000 +0.000000 +0.000000 +0.000000 +0.000000 +0.000000 +0.000000 +0.000000 +0.000000 +0.000000 +0.000000 +0.000000 +0.000000 +0.000000 +0.000000 +0.000000 +0.000000 +0.000000 +0.000000 +0.000000 +0.000000 +0.000000 +0.000000 +0.000000 +0.000000 +0.000000 +0.000000 +0.000000 +0.000000 +0.000000
ft 28 +0.000000 +0.000000 +0.000000 +0.000000 +0.000000 +0.000000 +0.000000 +0.000000 +0.000000 +0.000000 +0.000000 +0.000000 +0.000000 +0.000000 +0.000000 +0.000000 +0.000000 +0.000000 +0.000000 +0.000000 +0.000000 +0.000000 +0.000000 +0.000000 +0.000000 +0.000000 +0.000000 +0.000000 +0.000000 +0.000000 +0.000000 +0.000000 +0.000000 +0.000000 +0.000000 +0.000000
ft 29 +0.000000 +0.000000 +0.000000 +0.000000 +0.000000 +0.000000 +0.000000 +0.000000 +0.000000 +0.000000 +0.000000 +0.000000 +0.000000 +0.000000 +0.000000 +0.000000 +0.000000 +0.000000 +0.000000 +0.000000 +0.000000 +0.000000 +0.000000 +0.000000 +0.000000 +0.000000 +0.000000 +0.000000 +0.000000 +0.000000 +0.000000 +0.000000 +0.000000 +0.000000 +0.000000 +0.000000
ft 30 +0.000000 +0.000000 +0.000000 +0.000000 +0.000000 +0.000000 +0.000000 +0.000000 +0.000000 +0.000000 +0.000000 +0.000000 +0.000000 +0.000000 +0.000000 +0.000000 +0.000000 +0.000000 +0.000000 +0.000000 +0.000000 +0.000000 +0.000000 +0.000000 +0.000000 +0.000000 +0.000000 +0.000000 +0.000000 +0.000000 +0.000000 +0.000000 +0.000000 +0.000000 +0.000000 +0.000000
ft 31 +0.000000 +0.000000 +0.000000 +0.000000 +0.000000 +0.000000 +0.000000 +0.000000 +0.000000 +0.000000 +0.000000 +0.000000 +0.000000 +0.000000 +0.000000 +0.000000 +0.000000 +0.000000 +0.000000 +0.000000 +0.000000 +0.000000 +0.000000 +0.000000 +0.000000 +0.000000 +0.000000 +0.000000 +0.000000 +0.000000 +0.000000 +0.000000 +0.000000 +0.000000 +0.000000 +0.000000
ft 32 +0.000000 +0.000000 +0.000000 +0.000000 +0.000000 +0.000000 +0.000000 +0.000000 +0.000000 +0.000000 +0.000000 +0.000000 +0.000000 +0.000000 +0.000000 +0.000000 +0.000000 +0.000000 +0.000000 +0.000000 +0.000000 +0.000000 +0.000000 +0.000000 +0.000000 +0.000000 +0.000000 +0.000000 +0.000000 +0.000000 +0.000000 +0.000000 +0.000000 +0.000000 +0.000000 +0.000000
ft 33 +0.000000 +0.000000 +0.000000 +0.000000 +0.000000 +0.000000 +0.000000 +0.000000 +0.000000 +0.000000 +0.000000 +0.000000 +0.000000 +0.000000 +0.000000 +0.000000 +0.000000 +0.000000 +0.000000 +0.000000 +0.000000 +0.000000 +0.000000 +0.000000 +0.000000 +0.000000 +0.000000 +0.000000 +0.000000 +0.000000 +0.000000 +0.000000 +0.000000 +0.000000 +0.000000 +0.000000
ft 34 +0.000000 +0.000000 +0.000000 +0.000000 +0.000000 +0.000000 +0.000000 +0.000000 +0.000000 +0.000000 +0.000000 +0.000000 +0.000000 +0.000000 +0.000000 +0.000000 +0.000000 +0.000000 +0.000000 +0.000000 +0.000000 +0.000000 +0.000000 +0.000000 +0.000000 +0.000000 +0.000000 +0.000000 +0.000000 +0.000000 +0.000000 +0.000000 +0.000000 +0.000000 +0.000000 +0.000000
ft 35 +0.000000 +0.000000 +0.000000 +0.000000 +0.000000 +0.000000 +0.000000 +0.000000 +0.000000 +0.000000 +0.000000 +0.000000 +0.000000 +0.000000 +0.000000 +0.000000 +0.000000 +0.000000 +0.000000 +0.000000 +0.000000 +0.000000 +0.000000 +0.000000 +0.000000 +0.000000 +0.000000 +0.000000 +0.000000 +0.000000 +0.000000 +0.000000 +0.000000 +0.000000 +0.000000 +0.000000
ft 36 +0.000000 +0.000000 +0.000000 +0.000000 +0.000000 +0.000000 +0.000000 +0.000000 +0.000000 +0.000000 +0.000000 +0.000000 +0.000000 +0.000000 +0.000000 +0.000000 +0.000000 +0.000000 +0.000000 +0.000000 +0.000000 +0.000000 +0.000000 +0.000000 +0.000000 +0.000000 +0.000000 +0.000000 +0.000000 +0.000000 +0.000000 +0.000000 +0.000000 +0.000000 +0.000000 +0.000000
ft 37 +0.000000 +0.000000 +0.000000 +0.000000 +0.000000 +0.000000 +0.000000 +0.000000 +0.000000 +0.000000 +0.000000 +0.000000 +0.000000 +0.000000 +0.000000 +0.000000 +0.000000 +0.000000 +0.000000 +0.000000 +0.000000 +0.000000 +0.000000 +0.000000 +0.000000 +0.000000 +0.000000 +0.000000 +0.000000 +0.000000 +0.000000 +0.000000 +0.000000 +0.000000 +0.000000 +0.000000
ft 38 +0.000000 +0.000000 +0.000000 +0.000000 +0.000000 +0.000000 +0.000000 +0.000000 +0.000000 +0.000000 +0.000000 +0.000000 +0.000000 +0.000000 +0.000000 +0.000000 +0.000000 +0.000000 +0.000000 +0.000000 +0.000000 +0.000000 +0.000000 +0.000000 +0.000000 +0.000000 +0.000000 +0.000000 +0.000000 +0.000000 +0.000000 +0.000000 +0.000000 +0.000000 +0.000000 +0.000000
ft 39 +0.000000 +0.000000 +0.000000 +0.000000 +0.000000 +0.000000 +0.000000 +0.000000 +0.000000 +0.000000 +0.000000 +0.000000 +0.000000 +0.000000 +0.000000 +0.000000 +0.000000 +0.000000 +0.000000 +0.000000 +0.000000 +0.000000 +0.000000 +0.000000 +0.000000 +0.000000 +0.000000 +0.000000 +0.000000 +0.000000 +0.000000 +0.000000 +0.000000 +0.000000 +0.000000 +0.000000
ft 40 +0.000000 +0.000000 +0.000000 +0.000000 +0.000000 +0.000000 +0.000000 +0.000000 +0.000000 +0.000000 +0.000000 +0.000000 +0.000000 +0.000000 +0.000000 +0.000000 +0.000000 +0.000000 +0.000000 +0.000000 +0.000000 +0.000000 +0.000000 +0.000000 +0.000000 +0.000000 +0.000000 +0.000000 +0.000000 +0.000000 +0.000000 +0.000000 +0.000000 +0.000000 +0.000000 +0.000000
ft 41 +0.000000 +0.000000 +0.000000 +0.000000 +0.000000 +0.000000 +0.000000 +0.000000 +0.000000 +0.000000 +0.000000 +0.000000 +0.000000 +0.000000 +0.000000 +0.000000 +0.000000 +0.000000 +0.000000 +0.000000 +0.000000 +0.000000 +0.000000 +0.000000 +0.000000 +0.000000 +0.000000 +0.000000 +0.000000 +0.000000 +0.000000 +0.000000 +0.000000 +0.000000 +0.000000 +0.000000
ft 42 +0.000000 +0.000000 +0.000000 +0.000000 +0.000000 +0.000000 +0.000000 +0.000000 +0.000000 +0.000000 +0.000000 +0.000000 +0.000000 +0.000000 +0.000000 +0.000000 +0.000000 +0.000000 +0.000000 +0.000000 +0.000000 +0.000000 +0.000000 +0.000000 +0.000000 +0.000000 +0.000000 +0.000000 +0.000000 +0.000000 +0.000000 +0.000000 +0.000000 +0.000000 +0.000000 +0.000000
ft 43 +0.000000 +0.000000 +0.000000 +0.000000 +0.000000 +0.000000 +0.000000 +0.000000 +0.000000 +0.000000 +0.000000 +0.000000 +0.000000 +0.000000 +0.000000 +0.000000 +0.000000 +0.000000 +0.000000 +0.000000 +0.000000 +0.000000 +0.000000 +0.000000 +0.000000 +0.000000 +0.000000 +0.000000 +0.000000 +0.000000 +0.000000 +0.000000 +0.000000 +0.000000 +0.000000 +0.000000
ft 44 +0.817439 +0.844723 -0.943364 -0.339523 +0.868225 +0.000000 -0.088159 +0.608859 -0.749701 +0.415253 +0.785916 +0.174958 +0.785916 +0.817439 +0.485633 +0.485633 -0.415253 -0.259120 +0.661511 -0.905617 +0.550235 -0.550235 -0.868225 +0.976204 -0.088159 +0.952322 +0.868225 +0.785916 -0.415253 -0.485633 -0.339523 +0.966282 +0.000000 +0.000000 +0.000000 +0.000000
ft 45 +0.000000 +0.000000 +0.000000 +0.000000 +0.000000 +0.000000 +0.000000 +0.000000 +0.000000 +0.000000 +0.000000 +0.000000 +0.000000 +0.000000 +0.000000 +0.000000 +0.000000 +0.000000 +0.000000 +0.000000 +0.000000 +0.000000 +0.000000 +0.000000 +0.000000 +0.000000 +0.000000 +0.000000 +0.000000 +0.000000 +0.000000 +0.000000 +0.000000 +0.000000 +0.000000 +0.000000
sedge 

[body 46] 36
| %.t1939 = memset(@g_paths_blob, 0, 8192)
| local @__inl_254_param_paths_size : int32
| @__inl_254_param_paths_size <- 8192
| local @__inl_254_param_max_files : int32
| @__inl_254_param_max_files <- 64
| @g_doc_count = mettle_dir_list_md_files(@g_doc_root, @g_paths_blob, 8192, 64)
| %.t1944 = @g_doc_count <= 0
| branch_zero %.t1944 -> ir_if_next_1631
| return 0
| label ir_if_next_1631
| local @pos : int32
| @pos <- 0
| local @i : int32
| @i <- 0
| label ir_while_1634
| %.t1946 = @i < @g_doc_count
| branch_zero %.t1946 -> ir_while_end_1635
| %__inl_255_tmp_.t1830 = @i * 260
| %__inl_255_tmp_.t1831 = @g_path_slots + %__inl_255_tmp_.t1830
| %.t1949 = @g_paths_blob + @pos
| %.t1947 = cstr_copy(%__inl_255_tmp_.t1831, %.t1949, 260)
| label ir_while_1636
| %.t1952 = @g_paths_blob + @pos
| %.t1953 <- *%.t1952 [1]
| branch_zero %.t1953 -> ir_while_end_1637
| @pos = @pos + 1
| jump ir_while_1636
| label ir_while_end_1637
| @pos = @pos + 1
| @i = @i + 1
| jump ir_while_1634
| label ir_while_end_1635
| _ = sort_doc_paths()
| @g_sidebar_scroll <- 0
| @g_sidebar_hover <- -1
| return @g_doc_count
leaves %.t1939 %.t1947 %.t1953 @g_doc_count @g_path_slots @g_paths_blob @i @pos
fp 0 none
fp 1 none
fp 2 0000000000002000 0000000000002000 0000000000002000 0000000000002000 0000000000002000 0000000000002000 0000000000002000 0000000000002000
fp 3 none
fp 4 0000000000000040 0000000000000040 0000000000000040 0000000000000040 0000000000000040 0000000000000040 0000000000000040 0000000000000040
fp 5 none
fp 6 0000000000000001 0000000000000000 0000000000000000 0000000000000000 0000000000000000 0000000000000000 0000000000000001 0000000000000001
fp 7 none
fp 8 none
fp 9 none
fp 10 none
fp 11 none
fp 12 none
fp 13 none
fp 14 none
fp 15 0000000000000000 0000000000000000 0000000000000000 0000000000000001 0000000000000001 0000000000000001 0000000000000000 0000000000000000
fp 16 none
fp 17 0000000000000000 0000000000000104 000000000000030c 0000000000000000 0000000000000104 2358bbd6f4be70c8 a6f8ac774f2d66b4 9e7c949c77458310
fp 18 0000000000000000 0000000000000105 000000000000030f 0000000000000003 0000000000000104 03b682759f041e90 7888ef85ef5596c8 4a86cb462a5c03f5
fp 19 0000000000000000 0000000000000002 0000000000000003 0000000000000004 0000000000000003 29f1445d09ed1d28 1f0e401a88da6272 5d2c7dec97707540
fp 20 none
fp 21 none
fp 22 0000000000000000 0000000000000002 0000000000000003 0000000000000004 0000000000000003 29f1445d09ed1d28 1f0e401a88da6272 5d2c7dec97707540
fp 23 none
fp 24 none
fp 25 none
fp 26 none
fp 27 none
fp 28 none
fp 29 none
fp 30 none
fp 31 none
fp 32 none
fp 33 0000000000000000 0000000000000000 0000000000000000 0000000000000000 0000000000000000 0000000000000000 0000000000000000 0000000000000000
fp 34 ffffffffffffffff ffffffffffffffff ffffffffffffffff ffffffffffffffff ffffffffffffffff ffffffffffffffff ffffffffffffffff ffffffffffffffff
fp 35 none
ft 0 +0.000000 +0.000000 +0.000000 +0.000000 +0.000000 +0.000000 +0.000000 +0.000000 +0.000000 +0.000000 +0.000000 +0.000000 +0.000000 +0.000000 +0.000000 +0.000000 +0.000000 +0.000000 +0.000000 +0.000000 +0.000000 +0.000000 +0.000000 +0.000000 +0.000000 +0.000000 +0.000000 +0.000000 +0.000000 +0.000000 +0.000000 +0.000000 +0.000000 +0.000000 +0.000000 +0.000000
ft 1 +0.000000 +0.000000 +0.000000 +0.000000 +0.000000 +0.000000 +0.000000 +0.000000 +0.000000 +0.000000 +0.000000 +0.000000 +0.000000 +0.000000 +0.000000 +0.000000 +0.000000 +0.000000 +0.000000 +0.000000 +0.000000 +0.000000 +0.000000 +0.000000 +0.000000 +0.000000 +0.000000 +0.000000 +0.000000 +0.000000 +0.000000 +0.000000 +0.000000 +0.000000 +0.000000 +0.000000
ft 2 +0.749701 +0.339523 -0.971668 -0.844723 +0.550235 +0.844723 +0.088159 -0.485633 -0.550235 +0.661511 +0.888386 -0.339523 +0.920301 +0.983231 +0.000000 +0.708360 -0.088159 +0.868225 +0.905617 -0.952322 +0.905617 +0.088159 -0.088159 +0.983231 +0.259120 +0.088159 +0.952322 +0.920301 -0.259120 -0.608859 +0.485633 +0.952322 +1.000000 +0.000000 +0.000000 +0.000000
ft 3 +0.000000 +0.000000 +0.000000 +0.000000 +0.000000 +0.000000 +0.000000 +0.000000 +0.000000 +0.000000 +0.000000 +0.000000 +0.000000 +0.000000 +0.000000 +0.000000 +0.000000 +0.000000 +0.000000 +0.000000 +0.000000 +0.000000 +0.000000 +0.000000 +0.000000 +0.000000 +0.000000 +0.000000 +0.000000 +0.000000 +0.000000 +0.000000 +0.000000 +0.000000 +0.000000 +0.000000
ft 4 +0.415253 +0.708360 -0.971668 -0.785916 +0.088159 +0.888386 +0.415253 -0.608859 -0.415253 +0.932781 +0.785916 -0.174958 +0.708360 +0.983231 +0.174958 +0.844723 +0.088159 +0.661511 +0.749701 -0.932781 +0.868225 +0.550235 -0.088159 +0.991697 -0.088159 +0.259120 +0.932781 +0.844723 -0.550235 -0.608859 +0.000000 +0.966282 +1.000000 +0.000000 +0.000000 +0.000000
ft 5 +0.000000 +0.000000 +0.000000 +0.000000 +0.000000 +0.000000 +0.000000 +0.000000 +0.000000 +0.000000 +0.000000 +0.000000 +0.000000 +0.000000 +0.000000 +0.000000 +0.000000 +0.000000 +0.000000 +0.000000 +0.000000 +0.000000 +0.000000 +0.000000 +0.000000 +0.000000 +0.000000 +0.000000 +0.000000 +0.000000 +0.000000 +0.000000 +0.000000 +0.000000 +0.000000 +0.000000
ft 6 +0.608859 +0.259120 -0.932781 -0.905617 +0.339523 +0.868225 +0.708360 -0.415253 -0.339523 +0.888386 +0.868225 +0.088159 +0.868225 +0.990099 -0.259120 +0.817439 +0.339523 +0.785916 +0.785916 -0.943364 +0.844723 +0.000000 -0.174958 +0.993037 +0.174958 +0.339523 +0.888386 +0.661511 -0.174958 -0.661511 +0.550235 +0.971668 +0.000000 +0.000000 +0.000000 +0.000000
ft 7 +0.000000 +0.000000 +0.000000 +0.000000 +0.000000 +0.000000 +0.000000 +0.000000 +0.000000 +0.000000 +0.000000 +0.000000 +0.000000 +0.000000 +0.000000 +0.000000 +0.000000 +0.000000 +0.000000 +0.000000 +0.000000 +0.000000 +0.000000 +0.000000 +0.000000 +0.000000 +0.000000 +0.000000 +0.000000 +0.000000 +0.000000 +0.000000 +0.000000 +0.000000 +0.000000 +0.000000
ft 8 +0.000000 +0.000000 +0.000000 +0.000000 +0.000000 +0.000000 +0.000000 +0.000000 +0.000000 +0.000000 +0.000000 +0.000000 +0.000000 +0.000000 +0.000000 +0.000000 +0.000000 +0.000000 +0.000000 +0.000000 +0.000000 +0.000000 +0.000000 +0.000000 +0.000000 +0.000000 +0.000000 +0.000000 +0.000000 +0.000000 +0.000000 +0.000000 +0.000000 +0.000000 +0.000000 +0.000000
ft 9 +0.000000 +0.000000 +0.000000 +0.000000 +0.000000 +0.000000 +0.000000 +0.000000 +0.000000 +0.000000 +0.000000 +0.000000 +0.000000 +0.000000 +0.000000 +0.000000 +0.000000 +0.000000 +0.000000 +0.000000 +0.000000 +0.000000 +0.000000 +0.000000 +0.000000 +0.000000 +0.000000 +0.000000 +0.000000 +0.000000 +0.000000 +0.000000 +0.000000 +0.000000 +0.000000 +0.000000
ft 10 +0.000000 +0.000000 +0.000000 +0.000000 +0.000000 +0.000000 +0.000000 +0.000000 +0.000000 +0.000000 +0.000000 +0.000000 +0.000000 +0.000000 +0.000000 +0.000000 +0.000000 +0.000000 +0.000000 +0.000000 +0.000000 +0.000000 +0.000000 +0.000000 +0.000000 +0.000000 +0.000000 +0.000000 +0.000000 +0.000000 +0.000000 +0.000000 +0.000000 +0.000000 +0.000000 +0.000000
ft 11 +0.000000 +0.000000 +0.000000 +0.000000 +0.000000 +0.000000 +0.000000 +0.000000 +0.000000 +0.000000 +0.000000 +0.000000 +0.000000 +0.000000 +0.000000 +0.000000 +0.000000 +0.000000 +0.000000 +0.000000 +0.000000 +0.000000 +0.000000 +0.000000 +0.000000 +0.000000 +0.000000 +0.000000 +0.000000 +0.000000 +0.000000 +0.000000 +0.000000 +0.000000 +0.000000 +0.000000
ft 12 +0.000000 +0.000000 +0.000000 +0.000000 +0.000000 +0.000000 +0.000000 +0.000000 +0.000000 +0.000000 +0.000000 +0.000000 +0.000000 +0.000000 +0.000000 +0.000000 +0.000000 +0.000000 +0.000000 +0.000000 +0.000000 +0.000000 +0.000000 +0.000000 +0.000000 +0.000000 +0.000000 +0.000000 +0.000000 +0.000000 +0.000000 +0.000000 +0.000000 +0.000000 +0.000000 +0.000000
ft 13 +0.000000 +0.000000 +0.000000 +0.000000 +0.000000 +0.000000 +0.000000 +0.000000 +0.000000 +0.000000 +0.000000 +0.000000 +0.000000 +0.000000 +0.000000 +0.000000 +0.000000 +0.000000 +0.000000 +0.000000 +0.000000 +0.000000 +0.000000 +0.000000 +0.000000 +0.000000 +0.000000 +0.000000 +0.000000 +0.000000 +0.000000 +0.000000 +0.000000 +0.000000 +0.000000 +0.000000
ft 14 +0.000000 +0.000000 +0.000000 +0.000000 +0.000000 +0.000000 +0.000000 +0.000000 +0.000000 +0.000000 +0.000000 +0.000000 +0.000000 +0.000000 +0.000000 +0.000000 +0.000000 +0.000000 +0.000000 +0.000000 +0.000000 +0.000000 +0.000000 +0.000000 +0.000000 +0.000000 +0.000000 +0.000000 +0.000000 +0.000000 +0.000000 +0.000000 +0.000000 +0.000000 +0.000000 +0.000000
ft 15 +0.485633 +0.415253 -0.952322 -0.905617 +0.339523 +0.817439 +0.339523 -0.415253 -0.174958 +0.844723 +0.817439 -0.088159 +0.817439 +0.971668 -0.259120 +0.868225 +0.174958 +0.888386 +0.844723 -0.920301 +0.844723 +0.339523 -0.485633 +0.990099 +0.000000 +0.339523 +0.888386 +0.749701 -0.485633 -0.661511 +0.550235 +0.971668 +0.000000 +0.000000 +0.000000 +0.000000
ft 16 +0.000000 +0.000000 +0.000000 +0.000000 +0.000000 +0.000000 +0.000000 +0.000000 +0.000000 +0.000000 +0.000000 +0.000000 +0.000000 +0.000000 +0.000000 +0.000000 +0.000000 +0.000000 +0.000000 +0.000000 +0.000000 +0.000000 +0.000000 +0.000000 +0.000000 +0.000000 +0.000000 +0.000000 +0.000000 +0.000000 +0.000000 +0.000000 +0.000000 +0.000000 +0.000000 +0.000000
ft 17 +0.749701 +0.708360 -0.708360 +0.000000 +0.966282 -0.174958 +0.661511 +0.000000 -0.088159 +0.661511 +0.485633 +0.000000 -0.844723 -0.088159 +0.485633 +0.888386 +0.415253 -0.259120 -0.259120 -0.259120 -0.415253 +0.088159 +0.088159 +0.905617 +0.259120 +0.415253 +0.749701 +0.174958 -0.868225 -0.174958 +0.485633 +0.550235 +0.000000 +0.000000 +0.000000 +0.000000
ft 18 -0.608859 -0.868225 -0.983231 +0.550235 +0.785916 +0.088159 -0.174958 -0.088159 +0.708360 +0.785916 +0.415253 +0.550235 -0.868225 +0.920301 +0.749701 +0.550235 -0.785916 -0.708360 -0.708360 +0.708360 +0.844723 +0.000000 +0.000000 +0.785916 +0.339523 -0.485633 +0.943364 -0.749701 +0.339523 -0.088159 -0.661511 +0.920301 +0.000000 +0.000000 +0.000000 +0.000000
ft 19 +0.550235 -0.339523 -0.888386 -0.785916 +0.749701 +0.000000 +0.749701 -0.339523 +0.259120 +0.976204 +0.485633 -0.608859 +0.844723 +0.868225 -0.174958 -0.485633 -0.550235 +0.749701 +0.868225 -0.088159 +0.749701 +0.550235 +0.749701 +0.905617 +0.415253 +0.905617 -0.088159 +0.608859 -0.661511 +0.785916 +0.339523 +0.415253 +0.000000 +0.000000 +0.000000 +0.000000
ft 20 +0.000000 +0.000000 +0.000000 +0.000000 +0.000000 +0.000000 +0.000000 +0.000000 +0.000000 +0.000000 +0.000000 +0.000000 +0.000000 +0.000000 +0.000000 +0.000000 +0.000000 +0.000000 +0.000000 +0.000000 +0.000000 +0.000000 +0.000000 +0.000000 +0.000000 +0.000000 +0.000000 +0.000000 +0.000000 +0.000000 +0.000000 +0.000000 +0.000000 +0.000000 +0.000000 +0.000000
ft 21 +0.000000 +0.000000 +0.000000 +0.000000 +0.000000 +0.000000 +0.000000 +0.000000 +0.000000 +0.000000 +0.000000 +0.000000 +0.000000 +0.000000 +0.000000 +0.000000 +0.000000 +0.000000 +0.000000 +0.000000 +0.000000 +0.000000 +0.000000 +0.000000 +0.000000 +0.000000 +0.000000 +0.000000 +0.000000 +0.000000 +0.000000 +0.000000 +0.000000 +0.000000 +0.000000 +0.000000
ft 22 +0.550235 -0.339523 -0.888386 -0.785916 +0.749701 +0.000000 +0.749701 -0.339523 +0.259120 +0.976204 +0.485633 -0.608859 +0.844723 +0.868225 -0.174958 -0.485633 -0.550235 +0.749701 +0.868225 -0.088159 +0.749701 +0.550235 +0.749701 +0.905617 +0.415253 +0.905617 -0.088159 +0.608859 -0.661511 +0.785916 +0.339523 +0.415253 +0.000000 +0.000000 +0.000000 +1.000000
ft 23 +0.000000 +0.000000 +0.000000 +0.000000 +0.000000 +0.000000 +0.000000 +0.000000 +0.000000 +0.000000 +0.000000 +0.000000 +0.000000 +0.000000 +0.000000 +0.000000 +0.000000 +0.000000 +0.000000 +0.000000 +0.000000 +0.000000 +0.000000 +0.000000 +0.000000 +0.000000 +0.000000 +0.000000 +0.000000 +0.000000 +0.000000 +0.000000 +0.000000 +0.000000 +0.000000 +0.000000
ft 24 +0.000000 +0.000000 +0.000000 +0.000000 +0.000000 +0.000000 +0.000000 +0.000000 +0.000000 +0.000000 +0.000000 +0.000000 +0.000000 +0.000000 +0.000000 +0.000000 +0.000000 +0.000000 +0.000000 +0.000000 +0.000000 +0.000000 +0.000000 +0.000000 +0.000000 +0.000000 +0.000000 +0.000000 +0.000000 +0.000000 +0.000000 +0.000000 +0.000000 +0.000000 +0.000000 +0.000000
ft 25 +0.000000 +0.000000 +0.000000 +0.000000 +0.000000 +0.000000 +0.000000 +0.000000 +0.000000 +0.000000 +0.000000 +0.000000 +0.000000 +0.000000 +0.000000 +0.000000 +0.000000 +0.000000 +0.000000 +0.000000 +0.000000 +0.000000 +0.000000 +0.000000 +0.000000 +0.000000 +0.000000 +0.000000 +0.000000 +0.000000 +0.000000 +0.000000 +0.000000 +0.000000 +0.000000 +0.000000
ft 26 +0.000000 +0.000000 +0.000000 +0.000000 +0.000000 +0.000000 +0.000000 +0.000000 +0.000000 +0.000000 +0.000000 +0.000000 +0.000000 +0.000000 +0.000000 +0.000000 +0.000000 +0.000000 +0.000000 +0.000000 +0.000000 +0.000000 +0.000000 +0.000000 +0.000000 +0.000000 +0.000000 +0.000000 +0.000000 +0.000000 +0.000000 +0.000000 +0.000000 +0.000000 +0.000000 +0.000000
ft 27 +0.000000 +0.000000 +0.000000 +0.000000 +0.000000 +0.000000 +0.000000 +0.000000 +0.000000 +0.000000 +0.000000 +0.000000 +0.000000 +0.000000 +0.000000 +0.000000 +0.000000 +0.000000 +0.000000 +0.000000 +0.000000 +0.000000 +0.000000 +0.000000 +0.000000 +0.000000 +0.000000 +0.000000 +0.000000 +0.000000 +0.000000 +0.000000 +0.000000 +0.000000 +0.000000 +0.000000
ft 28 +0.000000 +0.000000 +0.000000 +0.000000 +0.000000 +0.000000 +0.000000 +0.000000 +0.000000 +0.000000 +0.000000 +0.000000 +0.000000 +0.000000 +0.000000 +0.000000 +0.000000 +0.000000 +0.000000 +0.000000 +0.000000 +0.000000 +0.000000 +0.000000 +0.000000 +0.000000 +0.000000 +0.000000 +0.000000 +0.000000 +0.000000 +0.000000 +0.000000 +0.000000 +0.000000 +0.000000
ft 29 +0.000000 +0.000000 +0.000000 +0.000000 +0.000000 +0.000000 +0.000000 +0.000000 +0.000000 +0.000000 +0.000000 +0.000000 +0.000000 +0.000000 +0.000000 +0.000000 +0.000000 +0.000000 +0.000000 +0.000000 +0.000000 +0.000000 +0.000000 +0.000000 +0.000000 +0.000000 +0.000000 +0.000000 +0.000000 +0.000000 +0.000000 +0.000000 +0.000000 +0.000000 +0.000000 +0.000000
ft 30 +0.000000 +0.000000 +0.000000 +0.000000 +0.000000 +0.000000 +0.000000 +0.000000 +0.000000 +0.000000 +0.000000 +0.000000 +0.000000 +0.000000 +0.000000 +0.000000 +0.000000 +0.000000 +0.000000 +0.000000 +0.000000 +0.000000 +0.000000 +0.000000 +0.000000 +0.000000 +0.000000 +0.000000 +0.000000 +0.000000 +0.000000 +0.000000 +0.000000 +0.000000 +0.000000 +0.000000
ft 31 +0.000000 +0.000000 +0.000000 +0.000000 +0.000000 +0.000000 +0.000000 +0.000000 +0.000000 +0.000000 +0.000000 +0.000000 +0.000000 +0.000000 +0.000000 +0.000000 +0.000000 +0.000000 +0.000000 +0.000000 +0.000000 +0.000000 +0.000000 +0.000000 +0.000000 +0.000000 +0.000000 +0.000000 +0.000000 +0.000000 +0.000000 +0.000000 +0.000000 +0.000000 +0.000000 +0.000000
ft 32 +0.000000 +0.000000 +0.000000 +0.000000 +0.000000 +0.000000 +0.000000 +0.000000 +0.000000 +0.000000 +0.000000 +0.000000 +0.000000 +0.000000 +0.000000 +0.000000 +0.000000 +0.000000 +0.000000 +0.000000 +0.000000 +0.000000 +0.000000 +0.000000 +0.000000 +0.000000 +0.000000 +0.000000 +0.000000 +0.000000 +0.000000 +0.000000 +0.000000 +0.000000 +0.000000 +0.000000
ft 33 +0.550235 +0.339523 -0.959893 -0.844723 +0.415253 +0.844723 +0.550235 -0.485633 -0.088159 +0.868225 +0.844723 +0.000000 +0.844723 +0.983231 -0.174958 +0.844723 +0.088159 +0.817439 +0.868225 -0.952322 +0.868225 +0.259120 -0.415253 +0.991697 +0.088159 +0.415253 +0.905617 +0.785916 -0.415253 -0.608859 +0.339523 +0.966282 +1.000000 +0.000000 +1.000000 +0.000000
ft 34 -0.550235 -0.339523 +0.959893 +0.844723 -0.415253 -0.844723 -0.550235 +0.485633 +0.088159 -0.868225 -0.844723 +0.000000 -0.844723 -0.983231 +0.174958 -0.844723 -0.088159 -0.817439 -0.868225 +0.952322 -0.868225 -0.259120 +0.415253 -0.991697 -0.088159 -0.415253 -0.905617 -0.785916 +0.415253 +0.608859 -0.339523 -0.966282 +1.000000 +0.000000 +0.000000 +0.000000
ft 35 +0.000000 +0.000000 +0.000000 +0.000000 +0.000000 +0.000000 +0.000000 +0.000000 +0.000000 +0.000000 +0.000000 +0.000000 +0.000000 +0.000000 +0.000000 +0.000000 +0.000000 +0.000000 +0.000000 +0.000000 +0.000000 +0.000000 +0.000000 +0.000000 +0.000000 +0.000000 +0.000000 +0.000000 +0.000000 +0.000000 +0.000000 +0.000000 +0.000000 +0.000000 +0.000000 +0.000000
sedge 19->22

[body 47] 7
| local @s : float64
| @s <- 0.000000
| local @i : int64
| @i <- 0
| @s += simd_sum_f64(base=@a, len=@n)
| label ir_while_end_22
| return @s
leaves @s
fp 0 none
fp 1 none
fp 2 none
fp 3 0000000000000000 0000000000000000 0000000000000000 0000000000000000 0000000000000000 0000000000000000 0000000000000000 0000000000000000
fp 4 none
fp 5 none
fp 6 none
ft 0 +0.000000 +0.000000 +0.000000 +0.000000 +0.000000 +0.000000 +0.000000 +0.000000 +0.000000 +0.000000 +0.000000 +0.000000 +0.000000 +0.000000 +0.000000 +0.000000 +0.000000 +0.000000 +0.000000 +0.000000 +0.000000 +0.000000 +0.000000 +0.000000 +0.000000 +0.000000 +0.000000 +0.000000 +0.000000 +0.000000 +0.000000 +0.000000 +0.000000 +0.000000 +0.000000 +0.000000
ft 1 +0.000000 +0.000000 +0.000000 +0.000000 +0.000000 +0.000000 +0.000000 +0.000000 +0.000000 +0.000000 +0.000000 +0.000000 +0.000000 +0.000000 +0.000000 +0.000000 +0.000000 +0.000000 +0.000000 +0.000000 +0.000000 +0.000000 +0.000000 +0.000000 +0.000000 +0.000000 +0.000000 +0.000000 +0.000000 +0.000000 +0.000000 +0.000000 +0.000000 +0.000000 +0.000000 +0.000000
ft 2 +0.000000 +0.000000 +0.000000 +0.000000 +0.000000 +0.000000 +0.000000 +0.000000 +0.000000 +0.000000 +0.000000 +0.000000 +0.000000 +0.000000 +0.000000 +0.000000 +0.000000 +0.000000 +0.000000 +0.000000 +0.000000 +0.000000 +0.000000 +0.000000 +0.000000 +0.000000 +0.000000 +0.000000 +0.000000 +0.000000 +0.000000 +0.000000 +0.000000 +0.000000 +0.000000 +0.000000
ft 3 +0.550235 +0.339523 -0.959893 -0.844723 +0.415253 +0.844723 +0.550235 -0.485633 -0.088159 +0.868225 +0.844723 +0.000000 +0.844723 +0.983231 -0.174958 +0.844723 +0.088159 +0.817439 +0.868225 -0.952322 +0.868225 +0.259120 -0.415253 +0.991697 +0.088159 +0.415253 +0.905617 +0.785916 -0.415253 -0.608859 +0.339523 +0.966282 +1.000000 +0.000000 +1.000000 +0.000000
ft 4 +0.000000 +0.000000 +0.000000 +0.000000 +0.000000 +0.000000 +0.000000 +0.000000 +0.000000 +0.000000 +0.000000 +0.000000 +0.000000 +0.000000 +0.000000 +0.000000 +0.000000 +0.000000 +0.000000 +0.000000 +0.000000 +0.000000 +0.000000 +0.000000 +0.000000 +0.000000 +0.000000 +0.000000 +0.000000 +0.000000 +0.000000 +0.000000 +0.000000 +0.000000 +0.000000 +0.000000
ft 5 +0.000000 +0.000000 +0.000000 +0.000000 +0.000000 +0.000000 +0.000000 +0.000000 +0.000000 +0.000000 +0.000000 +0.000000 +0.000000 +0.000000 +0.000000 +0.000000 +0.000000 +0.000000 +0.000000 +0.000000 +0.000000 +0.000000 +0.000000 +0.000000 +0.000000 +0.000000 +0.000000 +0.000000 +0.000000 +0.000000 +0.000000 +0.000000 +0.000000 +0.000000 +0.000000 +0.000000
ft 6 +0.000000 +0.000000 +0.000000 +0.000000 +0.000000 +0.000000 +0.000000 +0.000000 +0.000000 +0.000000 +0.000000 +0.000000 +0.000000 +0.000000 +0.000000 +0.000000 +0.000000 +0.000000 +0.000000 +0.000000 +0.000000 +0.000000 +0.000000 +0.000000 +0.000000 +0.000000 +0.000000 +0.000000 +0.000000 +0.000000 +0.000000 +0.000000 +0.000000 +0.000000 +0.000000 +0.000000
sedge 
